latitude,longitude,properties
23.962592,121.591986,"{""電腦編號"":""SNA00001"",""類別"":""私人透天"",""村里別"":""東昌村"",""地址"":""花蓮縣吉安鄉東海十五街25號"",""地下樓層數"":""1.0"",""可容納人數"":""89人"",""備註"":"""",""placemark_address"":""花蓮縣吉安鄉東海十五街25號""}"
23.969096,121.579848,"{""電腦編號"":""SNA00002"",""類別"":""豪利建設(公寓)"",""村里別"":""南昌村"",""地址"":""花蓮縣吉安鄉昌隆六街6之2號"",""地下樓層數"":""1.0"",""可容納人數"":""428人"",""備註"":"""",""placemark_address"":""花蓮縣吉安鄉昌隆六街6之2號""}"
23.970243,121.580917,"{""電腦編號"":""SNA00003"",""類別"":""甜蜜家庭(公寓)"",""村里別"":""南昌村"",""地址"":""花蓮縣吉安鄉文化五街46號"",""地下樓層數"":""1.0"",""可容納人數"":""2338人"",""備註"":"""",""placemark_address"":""花蓮縣吉安鄉文化五街46號""}"
23.970222,121.580656,"{""電腦編號"":""SNA00004"",""類別"":""甜蜜家庭(公寓)"",""村里別"":""南昌村"",""地址"":""花蓮縣吉安鄉文化五街47號"",""地下樓層數"":""1.0"",""可容納人數"":""1612人"",""備註"":"""",""placemark_address"":""花蓮縣吉安鄉文化五街47號""}"
23.965896,121.589065,"{""電腦編號"":""SNA00005"",""類別"":""佳姿中山大樓"",""村里別"":""仁里村"",""地址"":""花蓮縣吉安鄉中山路一段66號"",""地下樓層數"":""1.0"",""可容納人數"":""626人"",""備註"":"""",""placemark_address"":""花蓮縣吉安鄉中山路一段66號""}"
23.973593,121.584878,"{""電腦編號"":""SNA00006"",""類別"":""上毅皇宮(公寓)"",""村里別"":""宜昌村"",""地址"":""花蓮縣吉安鄉中華路二段93號"",""地下樓層數"":""1.0"",""可容納人數"":""1557人"",""備註"":"""",""placemark_address"":""花蓮縣吉安鄉中華路二段93號""}"
23.966474,121.595907,"{""電腦編號"":""SNA00007"",""類別"":""公寓"",""村里別"":""東昌村"",""地址"":""花蓮縣吉安鄉東海三街4號"",""地下樓層數"":""1.0"",""可容納人數"":""1468人"",""備註"":"""",""placemark_address"":""花蓮縣吉安鄉東海三街4號""}"
23.965087,121.592419,"{""電腦編號"":""SNA00009"",""類別"":""富豪大廈"",""村里別"":""東昌村"",""地址"":""花蓮縣吉安鄉東海十一街1號"",""地下樓層數"":""1.0"",""可容納人數"":""980人"",""備註"":"""",""placemark_address"":""花蓮縣吉安鄉東海十一街1號""}"
23.973358,121.581406,"{""電腦編號"":""SNA00010"",""類別"":""華廈"",""村里別"":""宜昌村"",""地址"":""花蓮縣吉安鄉中華路二段183號"",""地下樓層數"":""1.0"",""可容納人數"":""214人"",""備註"":"""",""placemark_address"":""花蓮縣吉安鄉中華路二段183號""}"
23.969173,121.582267,"{""電腦編號"":""SNA00011"",""類別"":""東歐大廈"",""村里別"":""南昌村"",""地址"":""花蓮縣吉安鄉南昌北路68號"",""地下樓層數"":""1.0"",""可容納人數"":""646人"",""備註"":"""",""placemark_address"":""花蓮縣吉安鄉南昌北路68號""}"
23.969339,121.590932,"{""電腦編號"":""SNA00012"",""類別"":""富貴大廈"",""村里別"":""仁里村"",""地址"":""花蓮縣吉安鄉南埔八街52之1號"",""地下樓層數"":""1.0"",""可容納人數"":""528人"",""備註"":"""",""placemark_address"":""花蓮縣吉安鄉南埔八街52之1號""}"
23.969221,121.586352,"{""電腦編號"":""SNA00013"",""類別"":""山海觀大樓"",""村里別"":""仁里村"",""地址"":""花蓮縣吉安鄉中山路一段222號"",""地下樓層數"":""2.0"",""可容納人數"":""2297人"",""備註"":"""",""placemark_address"":""花蓮縣吉安鄉中山路一段222號""}"
23.972812,121.580297,"{""電腦編號"":""SNA00014"",""類別"":""私人透天"",""村里別"":""宜昌村"",""地址"":""花蓮縣吉安鄉中山路二段116號"",""地下樓層數"":""1.0"",""可容納人數"":""110人"",""備註"":"""",""placemark_address"":""花蓮縣吉安鄉中山路二段116號""}"
23.972833,121.580253,"{""電腦編號"":""SNA00015"",""類別"":""私人透天"",""村里別"":""宜昌村"",""地址"":""花蓮縣吉安鄉中山路二段118號"",""地下樓層數"":""1.0"",""可容納人數"":""120人"",""備註"":"""",""placemark_address"":""花蓮縣吉安鄉中山路二段118號""}"
23.972854,121.580211,"{""電腦編號"":""SNA00016"",""類別"":""私人透天"",""村里別"":""宜昌村"",""地址"":""花蓮縣吉安鄉中山路二段120號"",""地下樓層數"":""1.0"",""可容納人數"":""110人"",""備註"":"""",""placemark_address"":""花蓮縣吉安鄉中山路二段120號""}"
23.974176,121.587113,"{""電腦編號"":""SNA00017"",""類別"":""宜昌農會"",""村里別"":""宜昌村"",""地址"":""花蓮縣吉安鄉中華路二段48號"",""地下樓層數"":""1.0"",""可容納人數"":""200人"",""備註"":"""",""placemark_address"":""花蓮縣吉安鄉中華路二段48號""}"
23.974779,121.583191,"{""電腦編號"":""SNA00018"",""類別"":""南山人壽"",""村里別"":""宜昌村"",""地址"":""花蓮縣吉安鄉南山一街12號"",""地下樓層數"":""1.0"",""可容納人數"":""180人"",""備註"":"""",""placemark_address"":""花蓮縣吉安鄉南山一街12號""}"
23.973433,121.582331,"{""電腦編號"":""SNA00019"",""類別"":""天主教會"",""村里別"":""宜昌村"",""地址"":""花蓮縣吉安鄉中華路二段169號"",""地下樓層數"":""1.0"",""可容納人數"":""310人"",""備註"":"""",""placemark_address"":""花蓮縣吉安鄉中華路二段169號""}"
23.972431,121.581564,"{""電腦編號"":""SNA00020"",""類別"":""私人透天"",""村里別"":""宜昌村"",""地址"":""花蓮縣吉安鄉宜昌七街24號"",""地下樓層數"":""1.0"",""可容納人數"":""70人"",""備註"":"""",""placemark_address"":""花蓮縣吉安鄉宜昌七街24號""}"
23.967454,121.592833,"{""電腦編號"":""SNA00021"",""類別"":""仁里郵局"",""村里別"":""仁里村"",""地址"":""花蓮縣吉安鄉中正路一段48號"",""地下樓層數"":""1.0"",""可容納人數"":""160人"",""備註"":"""",""placemark_address"":""花蓮縣吉安鄉中正路一段48號""}"
23.967731,121.594179,"{""電腦編號"":""SNA00022"",""類別"":""公寓"",""村里別"":""仁里村"",""地址"":""花蓮縣吉安鄉東里一街36號"",""地下樓層數"":""1.0"",""可容納人數"":""665人"",""備註"":"""",""placemark_address"":""花蓮縣吉安鄉東里一街36號""}"
23.946411,121.585694,"{""電腦編號"":""SNA00023"",""類別"":""協榮石業公司"",""村里別"":""仁和村"",""地址"":""花蓮縣吉安鄉南海八街205號"",""地下樓層數"":""1.0"",""可容納人數"":""185人"",""備註"":"""",""placemark_address"":""花蓮縣吉安鄉南海八街205號""}"
23.953744,121.603567,"{""電腦編號"":""SNA00024"",""類別"":""國產實業公司"",""村里別"":""仁安村"",""地址"":""花蓮縣吉安鄉海濱1號"",""地下樓層數"":""1.0"",""可容納人數"":""213人"",""備註"":"""",""placemark_address"":""花蓮縣吉安鄉海濱1號""}"
23.942246,121.587601,"{""電腦編號"":""SNA00025"",""類別"":""永天聖道寶禪院"",""村里別"":""仁安村"",""地址"":""花蓮縣吉安鄉南海十街164號"",""地下樓層數"":""1.0"",""可容納人數"":""92人"",""備註"":"""",""placemark_address"":""花蓮縣吉安鄉南海十街164號""}"
23.930589,121.591623,"{""電腦編號"":""SNA00026"",""類別"":""建利石材"",""村里別"":""光華村"",""地址"":""花蓮縣吉安鄉華工四路6號"",""地下樓層數"":""1.0"",""可容納人數"":""2324人"",""備註"":"""",""placemark_address"":""花蓮縣吉安鄉華工四路6號""}"
23.935828,121.594748,"{""電腦編號"":""SNA00027"",""類別"":""易展石業有限公司"",""村里別"":""光華村"",""地址"":""花蓮縣吉安鄉南濱路一段521號"",""地下樓層數"":""1.0"",""可容納人數"":""1412人"",""備註"":"""",""placemark_address"":""花蓮縣吉安鄉南濱路一段521號""}"
23.929856,121.593031,"{""電腦編號"":""SNA00028"",""類別"":""億泉大理石工廠"",""村里別"":""光華村"",""地址"":""花蓮縣吉安鄉南濱路一段558號"",""地下樓層數"":""1.0"",""可容納人數"":""66人"",""備註"":"""",""placemark_address"":""花蓮縣吉安鄉南濱路一段558號""}"
23.935212,121.59379,"{""電腦編號"":""SNA00029"",""類別"":""山井石材企業有限公司"",""村里別"":""光華村"",""地址"":""花蓮縣吉安鄉南濱路一段536號"",""地下樓層數"":""1.0"",""可容納人數"":""26人"",""備註"":"""",""placemark_address"":""花蓮縣吉安鄉南濱路一段536號""}"
23.930866,121.591342,"{""電腦編號"":""SNA00030"",""類別"":""國庫石材有限公司"",""村里別"":""光華村"",""地址"":""花蓮縣吉安鄉華工四路9號"",""地下樓層數"":""1.0"",""可容納人數"":""49人"",""備註"":"""",""placemark_address"":""花蓮縣吉安鄉華工四路9號""}"
23.933478,121.594054,"{""電腦編號"":""SNA00031"",""類別"":""金營方石業公司"",""村里別"":""光華村"",""地址"":""花蓮縣吉安鄉南濱路一段544號"",""地下樓層數"":""1.0"",""可容納人數"":""25人"",""備註"":"""",""placemark_address"":""花蓮縣吉安鄉南濱路一段544號""}"
23.933495,121.593655,"{""電腦編號"":""SNA00032"",""類別"":""岩堡石業有限公司"",""村里別"":""光華村"",""地址"":""花蓮縣吉安鄉華工四路20號"",""地下樓層數"":""1.0"",""可容納人數"":""41人"",""備註"":"""",""placemark_address"":""花蓮縣吉安鄉華工四路20號""}"
23.93344,121.595023,"{""電腦編號"":""SNA00033"",""類別"":""高陽益有限公司"",""村里別"":""光華村"",""地址"":""花蓮縣吉安鄉南濱路一段529號"",""地下樓層數"":""1.0"",""可容納人數"":""38人"",""備註"":"""",""placemark_address"":""花蓮縣吉安鄉南濱路一段529號""}"
23.92958,121.592414,"{""電腦編號"":""SNA00034"",""類別"":""光華石業有限公司"",""村里別"":""光華村"",""地址"":""花蓮縣吉安鄉南濱路一段560號"",""地下樓層數"":""1.0"",""可容納人數"":""40人"",""備註"":"""",""placemark_address"":""花蓮縣吉安鄉南濱路一段560號""}"
23.931909,121.592448,"{""電腦編號"":""SNA00036"",""類別"":""利國石業有限公司"",""村里別"":""光華村"",""地址"":""花蓮縣吉安鄉華工四路14號"",""地下樓層數"":""1.0"",""可容納人數"":""41人"",""備註"":"""",""placemark_address"":""花蓮縣吉安鄉華工四路14號""}"
23.935229,121.595491,"{""電腦編號"":""SNA00037"",""類別"":""合一石業有限公司"",""村里別"":""光華村"",""地址"":""花蓮縣吉安鄉華工三路5號"",""地下樓層數"":""1.0"",""可容納人數"":""26人"",""備註"":"""",""placemark_address"":""花蓮縣吉安鄉華工三路5號""}"
23.934816,121.595533,"{""電腦編號"":""SNA00038"",""類別"":""和聯大理石"",""村里別"":""光華村"",""地址"":""花蓮縣吉安鄉華工三路3號"",""地下樓層數"":""1.0"",""可容納人數"":""82人"",""備註"":"""",""placemark_address"":""花蓮縣吉安鄉華工三路3號""}"
23.93081,121.593112,"{""電腦編號"":""SNA00039"",""類別"":""弘元石材有限公司"",""村里別"":""光華村"",""地址"":""花蓮縣吉安鄉南濱路一段554號"",""地下樓層數"":""1.0"",""可容納人數"":""152人"",""備註"":"""",""placemark_address"":""花蓮縣吉安鄉南濱路一段554號""}"
23.928758,121.590588,"{""電腦編號"":""SNA00040"",""類別"":""國原大理石公司"",""村里別"":""光華村"",""地址"":""花蓮縣吉安鄉華南二路7號"",""地下樓層數"":""1.0"",""可容納人數"":""62人"",""備註"":"""",""placemark_address"":""花蓮縣吉安鄉華南二路7號""}"
23.929808,121.591496,"{""電腦編號"":""SNA00041"",""類別"":""建利石材有限公司"",""村里別"":""光華村"",""地址"":""花蓮縣吉安鄉華工四路4號"",""地下樓層數"":""1.0"",""可容納人數"":""237人"",""備註"":"""",""placemark_address"":""花蓮縣吉安鄉華工四路4號""}"
23.935828,121.594748,"{""電腦編號"":""SNA00042"",""類別"":""三泰礦業有限公司"",""村里別"":""光華村"",""地址"":""花蓮縣吉安鄉南濱路一段521號"",""地下樓層數"":""1.0"",""可容納人數"":""88人"",""備註"":"""",""placemark_address"":""花蓮縣吉安鄉南濱路一段521號""}"
23.955017,121.586919,"{""電腦編號"":""SNA00043"",""類別"":""晶晶洗染公司"",""村里別"":""仁和村"",""地址"":""花蓮縣吉安鄉南海四街296號"",""地下樓層數"":""1.0"",""可容納人數"":""164人"",""備註"":"""",""placemark_address"":""花蓮縣吉安鄉南海四街296號""}"
23.931335,121.583845,"{""電腦編號"":""SNA00044"",""類別"":""中華紙漿廠"",""村里別"":""光華村"",""地址"":""花蓮縣吉安鄉光華街100號"",""地下樓層數"":""1.0"",""可容納人數"":""430人"",""備註"":"""",""placemark_address"":""花蓮縣吉安鄉光華街100號""}"
23.937017,121.596301,"{""電腦編號"":""SNA00045"",""類別"":""和聯石業"",""村里別"":""光華村"",""地址"":""花蓮縣吉安鄉華中路12號"",""地下樓層數"":""1.0"",""可容納人數"":""298人"",""備註"":"""",""placemark_address"":""花蓮縣吉安鄉華中路12號""}"
23.935721,121.593528,"{""電腦編號"":""SNA00046"",""類別"":""石材工業發展中心"",""村里別"":""光華村"",""地址"":""花蓮縣吉安鄉南濱路一段534號"",""地下樓層數"":""1.0"",""可容納人數"":""798人"",""備註"":"""",""placemark_address"":""花蓮縣吉安鄉南濱路一段534號""}"
23.980217,121.590536,"{""電腦編號"":""SNA00047"",""類別"":""富國石材股份有限公司"",""村里別"":""勝安村"",""地址"":""花蓮縣吉安鄉民治路182號"",""地下樓層數"":""1.0"",""可容納人數"":""69人"",""備註"":"""",""placemark_address"":""花蓮縣吉安鄉民治路182號""}"
23.97851,121.5858,"{""電腦編號"":""SNA00048"",""類別"":""私人透天"",""村里別"":""勝安村"",""地址"":""花蓮縣吉安鄉自強路101號"",""地下樓層數"":""1.0"",""可容納人數"":""69人"",""備註"":"""",""placemark_address"":""花蓮縣吉安鄉自強路101號""}"
23.986193,121.595816,"{""電腦編號"":""SNA00049"",""類別"":""台灣基督教長老教會"",""村里別"":""北昌村"",""地址"":""花蓮縣吉安鄉自立路54號"",""地下樓層數"":""1.0"",""可容納人數"":""90人"",""備註"":"""",""placemark_address"":""花蓮縣吉安鄉自立路54號""}"
23.986362,121.589465,"{""電腦編號"":""SNA00050"",""類別"":""國產汽車股份有限公司"",""村里別"":""北昌村"",""地址"":""花蓮縣吉安鄉建國路一段189號"",""地下樓層數"":""1.0"",""可容納人數"":""108人"",""備註"":"""",""placemark_address"":""花蓮縣吉安鄉建國路一段189號""}"
23.98169,121.58853,"{""電腦編號"":""SNA00051"",""類別"":""全球人壽"",""村里別"":""勝安村"",""地址"":""花蓮縣吉安鄉自強路282號"",""地下樓層數"":""1.0"",""可容納人數"":""34人"",""備註"":"""",""placemark_address"":""花蓮縣吉安鄉自強路282號""}"
23.981725,121.588556,"{""電腦編號"":""SNA00052"",""類別"":""全球人壽"",""村里別"":""勝安村"",""地址"":""花蓮縣吉安鄉自強路284號"",""地下樓層數"":""1.0"",""可容納人數"":""34人"",""備註"":"""",""placemark_address"":""花蓮縣吉安鄉自強路284號""}"
23.98176,121.588581,"{""電腦編號"":""SNA00053"",""類別"":""私人透天"",""村里別"":""勝安村"",""地址"":""花蓮縣吉安鄉自強路286號"",""地下樓層數"":""1.0"",""可容納人數"":""34人"",""備註"":"""",""placemark_address"":""花蓮縣吉安鄉自強路286號""}"
23.981795,121.588601,"{""電腦編號"":""SNA00054"",""類別"":""私人透天"",""村里別"":""勝安村"",""地址"":""花蓮縣吉安鄉自強路288號"",""地下樓層數"":""1.0"",""可容納人數"":""34人"",""備註"":"""",""placemark_address"":""花蓮縣吉安鄉自強路288號""}"
23.985285,121.593002,"{""電腦編號"":""SNA00055"",""類別"":""漢林家俱"",""村里別"":""北昌村"",""地址"":""花蓮縣吉安鄉建國路一段117號"",""地下樓層數"":""1.0"",""可容納人數"":""54人"",""備註"":"""",""placemark_address"":""花蓮縣吉安鄉建國路一段117號""}"
23.981985,121.588708,"{""電腦編號"":""SNA00056"",""類別"":""私人透天"",""村里別"":""勝安村"",""地址"":""花蓮縣吉安鄉自強路298號"",""地下樓層數"":""1.0"",""可容納人數"":""32人"",""備註"":"""",""placemark_address"":""花蓮縣吉安鄉自強路298號""}"
23.982332,121.586059,"{""電腦編號"":""SNA00057"",""類別"":""驕陽企業有限公司"",""村里別"":""勝安村"",""地址"":""花蓮縣吉安鄉民治路357號"",""地下樓層數"":""1.0"",""可容納人數"":""62人"",""備註"":"""",""placemark_address"":""花蓮縣吉安鄉民治路357號""}"
23.980637,121.587783,"{""電腦編號"":""SNA00058"",""類別"":""私人透天"",""村里別"":""勝安村"",""地址"":""花蓮縣吉安鄉自強路218號"",""地下樓層數"":""1.0"",""可容納人數"":""30人"",""備註"":"""",""placemark_address"":""花蓮縣吉安鄉自強路218號""}"
23.980573,121.587734,"{""電腦編號"":""SNA00059"",""類別"":""私人透天"",""村里別"":""勝安村"",""地址"":""花蓮縣吉安鄉自強路214號"",""地下樓層數"":""1.0"",""可容納人數"":""69人"",""備註"":"""",""placemark_address"":""花蓮縣吉安鄉自強路214號""}"
23.980777,121.58788,"{""電腦編號"":""SNA00060"",""類別"":""私人透天"",""村里別"":""勝安村"",""地址"":""花蓮縣吉安鄉自強路226號"",""地下樓層數"":""1.0"",""可容納人數"":""29人"",""備註"":"""",""placemark_address"":""花蓮縣吉安鄉自強路226號""}"
23.98074,121.587855,"{""電腦編號"":""SNA00061"",""類別"":""私人透天"",""村里別"":""勝安村"",""地址"":""花蓮縣吉安鄉自強路224號"",""地下樓層數"":""1.0"",""可容納人數"":""30人"",""備註"":"""",""placemark_address"":""花蓮縣吉安鄉自強路224號""}"
23.980499,121.587688,"{""電腦編號"":""SNA00062"",""類別"":""私人透天"",""村里別"":""勝安村"",""地址"":""花蓮縣吉安鄉自強路210號"",""地下樓層數"":""1.0"",""可容納人數"":""38人"",""備註"":"""",""placemark_address"":""花蓮縣吉安鄉自強路210號""}"
23.980464,121.587665,"{""電腦編號"":""SNA00063"",""類別"":""私人透天"",""村里別"":""勝安村"",""地址"":""花蓮縣吉安鄉自強路208號"",""地下樓層數"":""1.0"",""可容納人數"":""38人"",""備註"":"""",""placemark_address"":""花蓮縣吉安鄉自強路208號""}"
23.980432,121.587646,"{""電腦編號"":""SNA00064"",""類別"":""私人透天"",""村里別"":""勝安村"",""地址"":""花蓮縣吉安鄉自強路206號"",""地下樓層數"":""1.0"",""可容納人數"":""38人"",""備註"":"""",""placemark_address"":""花蓮縣吉安鄉自強路206號""}"
23.985486,121.58726,"{""電腦編號"":""SNA00065"",""類別"":""東港汽車有限公司"",""村里別"":""北昌村"",""地址"":""花蓮縣吉安鄉中央路三段424號"",""地下樓層數"":""1.0"",""可容納人數"":""176人"",""備註"":"""",""placemark_address"":""花蓮縣吉安鄉中央路三段424號""}"
23.984822,121.595512,"{""電腦編號"":""SNA00066"",""類別"":""私人透天"",""村里別"":""北昌村"",""地址"":""花蓮縣吉安鄉建國路一段39號"",""地下樓層數"":""1.0"",""可容納人數"":""21人"",""備註"":"""",""placemark_address"":""花蓮縣吉安鄉建國路一段39號""}"
23.984836,121.595419,"{""電腦編號"":""SNA00067"",""類別"":""私人透天"",""村里別"":""北昌村"",""地址"":""花蓮縣吉安鄉建國路一段43號"",""地下樓層數"":""1.0"",""可容納人數"":""21人"",""備註"":"""",""placemark_address"":""花蓮縣吉安鄉建國路一段43號""}"
23.984829,121.595464,"{""電腦編號"":""SNA00068"",""類別"":""私人透天"",""村里別"":""北昌村"",""地址"":""花蓮縣吉安鄉建國路一段41號"",""地下樓層數"":""1.0"",""可容納人數"":""21人"",""備註"":"""",""placemark_address"":""花蓮縣吉安鄉建國路一段41號""}"
23.984814,121.59556,"{""電腦編號"":""SNA00069"",""類別"":""私人透天"",""村里別"":""北昌村"",""地址"":""花蓮縣吉安鄉建國路一段37號"",""地下樓層數"":""1.0"",""可容納人數"":""24人"",""備註"":"""",""placemark_address"":""花蓮縣吉安鄉建國路一段37號""}"
23.984846,121.595371,"{""電腦編號"":""SNA00070"",""類別"":""私人透天"",""村里別"":""北昌村"",""地址"":""花蓮縣吉安鄉建國路一段45號"",""地下樓層數"":""1.0"",""可容納人數"":""21人"",""備註"":"""",""placemark_address"":""花蓮縣吉安鄉建國路一段45號""}"
23.98487,121.595235,"{""電腦編號"":""SNA00071"",""類別"":""私人透天"",""村里別"":""北昌村"",""地址"":""花蓮縣吉安鄉建國路一段51號"",""地下樓層數"":""1.0"",""可容納人數"":""21人"",""備註"":"""",""placemark_address"":""花蓮縣吉安鄉建國路一段51號""}"
23.984864,121.595282,"{""電腦編號"":""SNA00072"",""類別"":""私人透天"",""村里別"":""北昌村"",""地址"":""花蓮縣吉安鄉建國路一段49號"",""地下樓層數"":""1.0"",""可容納人數"":""21人"",""備註"":"""",""placemark_address"":""花蓮縣吉安鄉建國路一段49號""}"
23.984856,121.595327,"{""電腦編號"":""SNA00073"",""類別"":""私人透天"",""村里別"":""北昌村"",""地址"":""花蓮縣吉安鄉建國路一段47號"",""地下樓層數"":""1.0"",""可容納人數"":""21人"",""備註"":"""",""placemark_address"":""花蓮縣吉安鄉建國路一段47號""}"
23.986464,121.589296,"{""電腦編號"":""SNA00074"",""類別"":""私人透天"",""村里別"":""北昌村"",""地址"":""花蓮縣吉安鄉建國路一段191號"",""地下樓層數"":""1.0"",""可容納人數"":""60人"",""備註"":"""",""placemark_address"":""花蓮縣吉安鄉建國路一段191號""}"
23.984662,121.596408,"{""電腦編號"":""SNA00075"",""類別"":""私人透天"",""村里別"":""北昌村"",""地址"":""花蓮縣吉安鄉建國路一段1號"",""地下樓層數"":""1.0"",""可容納人數"":""190人"",""備註"":"""",""placemark_address"":""花蓮縣吉安鄉建國路一段1號""}"
23.984665,121.596368,"{""電腦編號"":""SNA00076"",""類別"":""私人透天"",""村里別"":""北昌村"",""地址"":""花蓮縣吉安鄉建國路一段3號"",""地下樓層數"":""1.0"",""可容納人數"":""191人"",""備註"":"""",""placemark_address"":""花蓮縣吉安鄉建國路一段3號""}"
23.984672,121.596322,"{""電腦編號"":""SNA00077"",""類別"":""私人透天"",""村里別"":""北昌村"",""地址"":""花蓮縣吉安鄉建國路一段5號"",""地下樓層數"":""1.0"",""可容納人數"":""90人"",""備註"":"""",""placemark_address"":""花蓮縣吉安鄉建國路一段5號""}"
23.98471,121.596099,"{""電腦編號"":""SNA00078"",""類別"":""私人透天"",""村里別"":""北昌村"",""地址"":""花蓮縣吉安鄉建國路一段15號"",""地下樓層數"":""1.0"",""可容納人數"":""58人"",""備註"":"""",""placemark_address"":""花蓮縣吉安鄉建國路一段15號""}"
23.984703,121.596144,"{""電腦編號"":""SNA00079"",""類別"":""私人透天"",""村里別"":""北昌村"",""地址"":""花蓮縣吉安鄉建國路一段13號"",""地下樓層數"":""1.0"",""可容納人數"":""192人"",""備註"":"""",""placemark_address"":""花蓮縣吉安鄉建國路一段13號""}"
23.984679,121.596278,"{""電腦編號"":""SNA00080"",""類別"":""私人透天"",""村里別"":""北昌村"",""地址"":""花蓮縣吉安鄉建國路一段7號"",""地下樓層數"":""1.0"",""可容納人數"":""56人"",""備註"":"""",""placemark_address"":""花蓮縣吉安鄉建國路一段7號""}"
23.984687,121.596233,"{""電腦編號"":""SNA00081"",""類別"":""私人透天"",""村里別"":""北昌村"",""地址"":""花蓮縣吉安鄉建國路一段9號"",""地下樓層數"":""1.0"",""可容納人數"":""56人"",""備註"":"""",""placemark_address"":""花蓮縣吉安鄉建國路一段9號""}"
23.986757,121.588407,"{""電腦編號"":""SNA00082"",""類別"":""私人透天"",""村里別"":""北昌村"",""地址"":""花蓮縣吉安鄉建國路一段225號"",""地下樓層數"":""1.0"",""可容納人數"":""49人"",""備註"":"""",""placemark_address"":""花蓮縣吉安鄉建國路一段225號""}"
23.981166,121.588142,"{""電腦編號"":""SNA00083"",""類別"":""私人透天"",""村里別"":""勝安村"",""地址"":""花蓮縣吉安鄉自強路248號"",""地下樓層數"":""1.0"",""可容納人數"":""84人"",""備註"":"""",""placemark_address"":""花蓮縣吉安鄉自強路248號""}"
23.980654,121.585451,"{""電腦編號"":""SNA00084"",""類別"":""中華賓士展示廠"",""村里別"":""勝安村"",""地址"":""花蓮縣吉安鄉中原路一段268號"",""地下樓層數"":""1.0"",""可容納人數"":""34人"",""備註"":"""",""placemark_address"":""花蓮縣吉安鄉中原路一段268號""}"
23.981473,121.584902,"{""電腦編號"":""SNA00085"",""類別"":""私人透天"",""村里別"":""勝安村"",""地址"":""花蓮縣吉安鄉中央路三段238號"",""地下樓層數"":""1.0"",""可容納人數"":""62人"",""備註"":"""",""placemark_address"":""花蓮縣吉安鄉中央路三段238號""}"
23.98165,121.585005,"{""電腦編號"":""SNA00086"",""類別"":""私人透天"",""村里別"":""勝安村"",""地址"":""花蓮縣吉安鄉中央路三段250號"",""地下樓層數"":""1.0"",""可容納人數"":""62人"",""備註"":"""",""placemark_address"":""花蓮縣吉安鄉中央路三段250號""}"
23.981728,121.585049,"{""電腦編號"":""SNA00087"",""類別"":""私人透天"",""村里別"":""勝安村"",""地址"":""花蓮縣吉安鄉中央路三段256號"",""地下樓層數"":""1.0"",""可容納人數"":""62人"",""備註"":"""",""placemark_address"":""花蓮縣吉安鄉中央路三段256號""}"
23.981493,121.589546,"{""電腦編號"":""SNA00090"",""類別"":""私人透天"",""村里別"":""勝安村"",""地址"":""花蓮縣吉安鄉自強路300巷40號"",""地下樓層數"":""1.0"",""可容納人數"":""34人"",""備註"":"""",""placemark_address"":""花蓮縣吉安鄉自強路300巷40號""}"
23.986488,121.588966,"{""電腦編號"":""SNA00091"",""類別"":""順益汽車股份有限公司"",""村里別"":""北昌村"",""地址"":""花蓮縣吉安鄉建國路一段197號"",""地下樓層數"":""1.0"",""可容納人數"":""53人"",""備註"":"""",""placemark_address"":""花蓮縣吉安鄉建國路一段197號""}"
23.979899,121.586833,"{""電腦編號"":""SNA00092"",""類別"":""私人透天"",""村里別"":""勝安村"",""地址"":""花蓮縣吉安鄉自強路133號"",""地下樓層數"":""1.0"",""可容納人數"":""36人"",""備註"":"""",""placemark_address"":""花蓮縣吉安鄉自強路133號""}"
23.980546,121.594151,"{""電腦編號"":""SNA00093"",""類別"":""奇來金屬企業有限公司"",""村里別"":""勝安村"",""地址"":""花蓮縣吉安鄉和平路一段1號"",""地下樓層數"":""1.0"",""可容納人數"":""65人"",""備註"":"""",""placemark_address"":""花蓮縣吉安鄉和平路一段1號""}"
23.979869,121.586813,"{""電腦編號"":""SNA00094"",""類別"":""私人透天"",""村里別"":""勝安村"",""地址"":""花蓮縣吉安鄉自強路131號"",""地下樓層數"":""1.0"",""可容納人數"":""62人"",""備註"":"""",""placemark_address"":""花蓮縣吉安鄉自強路131號""}"
23.982195,121.588866,"{""電腦編號"":""SNA00095"",""類別"":""私人透天"",""村里別"":""勝安村"",""地址"":""花蓮縣吉安鄉自強路356號"",""地下樓層數"":""1.0"",""可容納人數"":""44人"",""備註"":"""",""placemark_address"":""花蓮縣吉安鄉自強路356號""}"
23.979932,121.586861,"{""電腦編號"":""SNA00096"",""類別"":""私人透天"",""村里別"":""勝安村"",""地址"":""花蓮縣吉安鄉自強路135號"",""地下樓層數"":""1.0"",""可容納人數"":""36人"",""備註"":"""",""placemark_address"":""花蓮縣吉安鄉自強路135號""}"
23.979966,121.586881,"{""電腦編號"":""SNA00097"",""類別"":""私人透天"",""村里別"":""勝安村"",""地址"":""花蓮縣吉安鄉自強路137號"",""地下樓層數"":""1.0"",""可容納人數"":""36人"",""備註"":"""",""placemark_address"":""花蓮縣吉安鄉自強路137號""}"
23.981627,121.589271,"{""電腦編號"":""SNA00098"",""類別"":""私人透天"",""村里別"":""勝安村"",""地址"":""花蓮縣吉安鄉自強路300巷30號"",""地下樓層數"":""1.0"",""可容納人數"":""46人"",""備註"":"""",""placemark_address"":""花蓮縣吉安鄉自強路300巷30號""}"
23.980571,121.589133,"{""電腦編號"":""SNA00099"",""類別"":""私人透天"",""村里別"":""勝安村"",""地址"":""花蓮縣吉安鄉民治路267號"",""地下樓層數"":""1.0"",""可容納人數"":""17人"",""備註"":"""",""placemark_address"":""花蓮縣吉安鄉民治路267號""}"
23.981963,121.587346,"{""電腦編號"":""SNA00100"",""類別"":""私人透天"",""村里別"":""勝安村"",""地址"":""花蓮縣吉安鄉民治路290號"",""地下樓層數"":""1.0"",""可容納人數"":""41人"",""備註"":"""",""placemark_address"":""花蓮縣吉安鄉民治路290號""}"
23.985316,121.594675,"{""電腦編號"":""SNA00101"",""類別"":""私人透天"",""村里別"":""北昌村"",""地址"":""花蓮縣吉安鄉建國路一段60號"",""地下樓層數"":""1.0"",""可容納人數"":""352人"",""備註"":"""",""placemark_address"":""花蓮縣吉安鄉建國路一段60號""}"
23.977162,121.584197,"{""電腦編號"":""SNA00102"",""類別"":""公寓"",""村里別"":""勝安村"",""地址"":""花蓮縣吉安鄉慈惠二街122號"",""地下樓層數"":""1.0"",""可容納人數"":""586人"",""備註"":"""",""placemark_address"":""花蓮縣吉安鄉慈惠二街122號""}"
23.982547,121.585536,"{""電腦編號"":""SNA00103"",""類別"":""弘羿消防公司"",""村里別"":""勝安村"",""地址"":""花蓮縣吉安鄉中央路三段308號"",""地下樓層數"":""1.0"",""可容納人數"":""40人"",""備註"":"""",""placemark_address"":""花蓮縣吉安鄉中央路三段308號""}"
23.990248,121.589594,"{""電腦編號"":""SNA00104"",""類別"":""華廈"",""村里別"":""北昌村"",""地址"":""花蓮縣吉安鄉中央路三段609號"",""地下樓層數"":""1.0"",""可容納人數"":""86人"",""備註"":"""",""placemark_address"":""花蓮縣吉安鄉中央路三段609號""}"
23.988035,121.590245,"{""電腦編號"":""SNA00105"",""類別"":""華廈"",""村里別"":""北昌村"",""地址"":""花蓮縣吉安鄉北昌五街52號"",""地下樓層數"":""1.0"",""可容納人數"":""568人"",""備註"":"""",""placemark_address"":""花蓮縣吉安鄉北昌五街52號""}"
23.985448,121.59618,"{""電腦編號"":""SNA00106"",""類別"":""自立華廈"",""村里別"":""北昌村"",""地址"":""花蓮縣吉安鄉自立路34巷8號"",""地下樓層數"":""1.0"",""可容納人數"":""21人"",""備註"":"""",""placemark_address"":""花蓮縣吉安鄉自立路34巷8號""}"
23.986889,121.594318,"{""電腦編號"":""SNA00107"",""類別"":""公寓"",""村里別"":""北昌村"",""地址"":""花蓮縣吉安鄉北昌三街54巷10號"",""地下樓層數"":""1.0"",""可容納人數"":""926人"",""備註"":"""",""placemark_address"":""花蓮縣吉安鄉北昌三街54巷10號""}"
23.991923,121.575379,"{""電腦編號"":""SNA00108"",""類別"":""太昌郵局"",""村里別"":""永安村"",""地址"":""花蓮縣吉安鄉吉安路一段35號"",""地下樓層數"":""1.0"",""可容納人數"":""225人"",""備註"":"""",""placemark_address"":""花蓮縣吉安鄉吉安路一段35號""}"
24.000084,121.552921,"{""電腦編號"":""SNA00109"",""類別"":""慈濟科技大學"",""村里別"":""太昌村"",""地址"":""花蓮縣吉安鄉建國路二段880號"",""地下樓層數"":""1.0"",""可容納人數"":""2293人"",""備註"":"""",""placemark_address"":""花蓮縣吉安鄉建國路二段880號""}"
24.000084,121.552921,"{""電腦編號"":""SNA00110"",""類別"":""慈濟科技大學"",""村里別"":""太昌村"",""地址"":""花蓮縣吉安鄉建國路二段882號"",""地下樓層數"":""1.0"",""可容納人數"":""1272人"",""備註"":"""",""placemark_address"":""花蓮縣吉安鄉建國路二段882號""}"
24.000084,121.552921,"{""電腦編號"":""SNA00112"",""類別"":""慈濟科技大學"",""村里別"":""太昌村"",""地址"":""花蓮縣吉安鄉建國路二段880號"",""地下樓層數"":""1.0"",""可容納人數"":""2150人"",""備註"":"""",""placemark_address"":""花蓮縣吉安鄉建國路二段880號""}"
23.970685,121.57057,"{""電腦編號"":""SNA00114"",""類別"":""吉安中興路加油站"",""村里別"":""吉安村"",""地址"":""花蓮縣吉安鄉中興路121號"",""地下樓層數"":""1.0"",""可容納人數"":""36人"",""備註"":"""",""placemark_address"":""花蓮縣吉安鄉中興路121號""}"
23.971905,121.562866,"{""電腦編號"":""SNA00115"",""類別"":""吉安鄉農會"",""村里別"":""吉安村"",""地址"":""花蓮縣吉安鄉吉安路二段90號"",""地下樓層數"":""1.0"",""可容納人數"":""818人"",""備註"":"""",""placemark_address"":""花蓮縣吉安鄉吉安路二段90號""}"
23.972107,121.55865,"{""電腦編號"":""SNA00116"",""類別"":""上騰職業學校"",""村里別"":""吉安村"",""地址"":""花蓮縣吉安鄉吉興四街101號"",""地下樓層數"":""1.0"",""可容納人數"":""338人"",""備註"":"""",""placemark_address"":""花蓮縣吉安鄉吉興四街101號""}"
23.963578,121.574658,"{""電腦編號"":""SNA00117"",""類別"":""捷盟行銷有限公司"",""村里別"":""稻香村"",""地址"":""花蓮縣吉安鄉香源路65號"",""地下樓層數"":""1.0"",""可容納人數"":""128人"",""備註"":"""",""placemark_address"":""花蓮縣吉安鄉香源路65號""}"
23.946753,121.554908,"{""電腦編號"":""SNA00118"",""類別"":""台灣石業有限公司"",""村里別"":""永興村"",""地址"":""花蓮縣吉安鄉吉豐路三段495號"",""地下樓層數"":""1.0"",""可容納人數"":""46人"",""備註"":"""",""placemark_address"":""花蓮縣吉安鄉吉豐路三段495號""}"
23.946753,121.554908,"{""電腦編號"":""SNA00119"",""類別"":""台灣石業有限公司"",""村里別"":""永興村"",""地址"":""花蓮縣吉安鄉吉豐路三段495號"",""地下樓層數"":""1.0"",""可容納人數"":""125人"",""備註"":"""",""placemark_address"":""花蓮縣吉安鄉吉豐路三段495號""}"
23.946753,121.554908,"{""電腦編號"":""SNA00120"",""類別"":""台灣石業有限公司"",""村里別"":""永興村"",""地址"":""花蓮縣吉安鄉吉豐路三段495號"",""地下樓層數"":""1.0"",""可容納人數"":""125人"",""備註"":"""",""placemark_address"":""花蓮縣吉安鄉吉豐路三段495號""}"
23.946753,121.554908,"{""電腦編號"":""SNA00121"",""類別"":""台灣石業有限公司"",""村里別"":""永興村"",""地址"":""花蓮縣吉安鄉吉豐路三段495號"",""地下樓層數"":""1.0"",""可容納人數"":""125人"",""備註"":"""",""placemark_address"":""花蓮縣吉安鄉吉豐路三段495號""}"
23.96282,121.573164,"{""電腦編號"":""SNA00122"",""類別"":""固道瀝青混凝土股份有限公司"",""村里別"":""稻香村"",""地址"":""花蓮縣吉安鄉香源路20號"",""地下樓層數"":""1.0"",""可容納人數"":""316人"",""備註"":"""",""placemark_address"":""花蓮縣吉安鄉香源路20號""}"
23.96468,121.573696,"{""電腦編號"":""SNA00123"",""類別"":""金東里汽車修理廠"",""村里別"":""稻香村"",""地址"":""花蓮縣吉安鄉吉興路一段231號"",""地下樓層數"":""1.0"",""可容納人數"":""92人"",""備註"":"""",""placemark_address"":""花蓮縣吉安鄉吉興路一段231號""}"
23.905676,121.529816,"{""電腦編號"":""SNA00124"",""類別"":""志學分支郵局"",""村里別"":""志學村"",""地址"":""花蓮縣壽豐鄉中山路二段202號"",""地下樓層數"":""1.0"",""可容納人數"":""169人"",""備註"":"""",""placemark_address"":""花蓮縣壽豐鄉中山路二段202號""}"
23.900168,121.526658,"{""電腦編號"":""SNA00125"",""類別"":""志學新邨社區"",""村里別"":""志學村"",""地址"":""花蓮縣壽豐鄉志學新邨68號"",""地下樓層數"":""1.0"",""可容納人數"":""2548人"",""備註"":"""",""placemark_address"":""花蓮縣壽豐鄉志學新邨68號""}"
23.895631,121.554463,"{""電腦編號"":""SNA00126"",""類別"":""華廈"",""村里別"":""平和村"",""地址"":""花蓮縣壽豐鄉吳全129號"",""地下樓層數"":""1.0"",""可容納人數"":""1064人"",""備註"":"""",""placemark_address"":""花蓮縣壽豐鄉吳全129號""}"
23.895416,121.55465,"{""電腦編號"":""SNA00127"",""類別"":""華廈"",""村里別"":""平和村"",""地址"":""花蓮縣壽豐鄉吳全129之1號"",""地下樓層數"":""1.0"",""可容納人數"":""1633人"",""備註"":"""",""placemark_address"":""花蓮縣壽豐鄉吳全129之1號""}"
23.895989,121.553934,"{""電腦編號"":""SNA00128"",""類別"":""公寓"",""村里別"":""平和村"",""地址"":""花蓮縣壽豐鄉吳全131號"",""地下樓層數"":""1.0"",""可容納人數"":""1326人"",""備註"":"""",""placemark_address"":""花蓮縣壽豐鄉吳全131號""}"
23.871388,121.507955,"{""電腦編號"":""SNA00129"",""類別"":""壽豐鄉電力公司"",""村里別"":""壽豐村"",""地址"":""花蓮縣壽豐鄉公園路42號"",""地下樓層數"":""1.0"",""可容納人數"":""266人"",""備註"":"""",""placemark_address"":""花蓮縣壽豐鄉公園路42號""}"
23.87124,121.508858,"{""電腦編號"":""SNA00130"",""類別"":""壽豐中華電信機房"",""村里別"":""壽豐村"",""地址"":""花蓮縣壽豐鄉壽興街21號"",""地下樓層數"":""1.0"",""可容納人數"":""333人"",""備註"":"""",""placemark_address"":""花蓮縣壽豐鄉壽興街21號""}"
23.869394,121.509872,"{""電腦編號"":""SNA00131"",""類別"":""壽豐鄉農會"",""村里別"":""壽豐村"",""地址"":""花蓮縣壽豐鄉壽山路17號"",""地下樓層數"":""1.0"",""可容納人數"":""419人"",""備註"":"""",""placemark_address"":""花蓮縣壽豐鄉壽山路17號""}"
23.965755,121.595868,"{""電腦編號"":""SNA00132"",""類別"":""東昌活動中心"",""村里別"":""東昌村"",""地址"":""花蓮縣吉安鄉東海六街76號"",""地下樓層數"":""1.0"",""可容納人數"":""130人"",""備註"":"""",""placemark_address"":""花蓮縣吉安鄉東海六街76號""}"
23.972895,121.587153,"{""電腦編號"":""SNA00133"",""類別"":""宜昌國中"",""村里別"":""宜昌村"",""地址"":""花蓮縣吉安鄉宜昌一街41號"",""地下樓層數"":""1.0"",""可容納人數"":""2102人"",""備註"":"""",""placemark_address"":""花蓮縣吉安鄉宜昌一街41號""}"
23.97092,121.586747,"{""電腦編號"":""SNA00134"",""類別"":""宜昌國中(活動中心)"",""村里別"":""宜昌村"",""地址"":""花蓮縣吉安鄉宜昌一街43巷15號"",""地下樓層數"":""1.0"",""可容納人數"":""453人"",""備註"":"""",""placemark_address"":""花蓮縣吉安鄉宜昌一街43巷15號""}"
23.971077,121.585515,"{""電腦編號"":""SNA00135"",""類別"":""宜昌國小"",""村里別"":""宜昌村"",""地址"":""花蓮縣吉安鄉宜昌一街45號"",""地下樓層數"":""1.0"",""可容納人數"":""94人"",""備註"":"""",""placemark_address"":""花蓮縣吉安鄉宜昌一街45號""}"
23.965509,121.593222,"{""電腦編號"":""SNA00136"",""類別"":""化仁國中"",""村里別"":""東昌村"",""地址"":""花蓮縣吉安鄉東海十街3號"",""地下樓層數"":""1.0"",""可容納人數"":""350人"",""備註"":"""",""placemark_address"":""花蓮縣吉安鄉東海十街3號""}"
23.963594,121.596005,"{""電腦編號"":""SNA00137"",""類別"":""化仁國小"",""村里別"":""東昌村"",""地址"":""花蓮縣吉安鄉東里十一街83號"",""地下樓層數"":""1.0"",""可容納人數"":""693人"",""備註"":"""",""placemark_address"":""花蓮縣吉安鄉東里十一街83號""}"
23.970959,121.577659,"{""電腦編號"":""SNA00138"",""類別"":""吉安火車站"",""村里別"":""南昌村"",""地址"":""花蓮縣吉安鄉南昌街200號"",""地下樓層數"":""1.0"",""可容納人數"":""213人"",""備註"":"""",""placemark_address"":""花蓮縣吉安鄉南昌街200號""}"
23.969016,121.592419,"{""電腦編號"":""SNA00139"",""類別"":""花蓮縣退休警察人員協會"",""村里別"":""仁里村"",""地址"":""花蓮縣吉安鄉仁里三街11之1號"",""地下樓層數"":""1.0"",""可容納人數"":""206人"",""備註"":"""",""placemark_address"":""花蓮縣吉安鄉仁里三街11之1號""}"
23.970935,121.584134,"{""電腦編號"":""SNA00142"",""類別"":""特殊教育學校"",""村里別"":""宜昌村"",""地址"":""花蓮縣吉安鄉中山路二段2號"",""地下樓層數"":""1.0"",""可容納人數"":""420人"",""備註"":"""",""placemark_address"":""花蓮縣吉安鄉中山路二段2號""}"
23.965993,121.592275,"{""電腦編號"":""SNA00143"",""類別"":""吉安鄉公所(停車場)"",""村里別"":""仁里村"",""地址"":""花蓮縣吉安鄉中正路一段151號"",""地下樓層數"":""1.0"",""可容納人數"":""2377人"",""備註"":"""",""placemark_address"":""花蓮縣吉安鄉中正路一段151號""}"
23.96103,121.586697,"{""電腦編號"":""SNA00144"",""類別"":""花蓮監理站"",""村里別"":""仁和村"",""地址"":""花蓮縣吉安鄉中正路二段152號"",""地下樓層數"":""1.0"",""可容納人數"":""280人"",""備註"":"""",""placemark_address"":""花蓮縣吉安鄉中正路二段152號""}"
23.987103,121.592085,"{""電腦編號"":""SNA00145"",""類別"":""北昌國小"",""村里別"":""北昌村"",""地址"":""花蓮縣吉安鄉自強路533號"",""地下樓層數"":""1.0"",""可容納人數"":""994人"",""備註"":"""",""placemark_address"":""花蓮縣吉安鄉自強路533號""}"
23.99518,121.565122,"{""電腦編號"":""SNA00146"",""類別"":""太昌國小"",""村里別"":""太昌村"",""地址"":""花蓮縣吉安鄉明義五街1號"",""地下樓層數"":""1.0"",""可容納人數"":""836人"",""備註"":"""",""placemark_address"":""花蓮縣吉安鄉明義五街1號""}"
23.968398,121.559653,"{""電腦編號"":""SNA00148"",""類別"":""福興村活動中心"",""村里別"":""福興村"",""地址"":""花蓮縣吉安鄉吉安路三段90號"",""地下樓層數"":""1.0"",""可容納人數"":""130人"",""備註"":"""",""placemark_address"":""花蓮縣吉安鄉吉安路三段90號""}"
23.974554,121.564293,"{""電腦編號"":""SNA00149"",""類別"":""花蓮農業改良場"",""村里別"":""吉安村"",""地址"":""花蓮縣吉安鄉吉安路二段150號"",""地下樓層數"":""1.0"",""可容納人數"":""256人"",""備註"":"""",""placemark_address"":""花蓮縣吉安鄉吉安路二段150號""}"
23.973416,121.56281,"{""電腦編號"":""SNA00150"",""類別"":""吉安國小"",""村里別"":""吉安村"",""地址"":""花蓮縣吉安鄉吉安路二段97號"",""地下樓層數"":""1.0"",""可容納人數"":""2604人"",""備註"":"""",""placemark_address"":""花蓮縣吉安鄉吉安路二段97號""}"
23.981974,121.563531,"{""電腦編號"":""SNA00151"",""類別"":""吉安國中"",""村里別"":""慶豐村"",""地址"":""花蓮縣吉安鄉中山路三段622號"",""地下樓層數"":""1.0"",""可容納人數"":""1025人"",""備註"":"""",""placemark_address"":""""}"
23.948409,121.547487,"{""電腦編號"":""SNA00152"",""類別"":""南華國小"",""村里別"":""干城村"",""地址"":""花蓮縣吉安鄉吉安路六段60號"",""地下樓層數"":""1.0"",""可容納人數"":""158人"",""備註"":"""",""placemark_address"":""花蓮縣吉安鄉吉安路六段60號""}"
23.948229,121.527393,"{""電腦編號"":""SNA00153"",""類別"":""花蓮監獄"",""村里別"":""干城村"",""地址"":""花蓮縣吉安鄉吉安路六段700號"",""地下樓層數"":""1.0"",""可容納人數"":""46人"",""備註"":"""",""placemark_address"":""花蓮縣吉安鄉吉安路六段700號""}"
23.948229,121.527393,"{""電腦編號"":""SNA00154"",""類別"":""花蓮監獄"",""村里別"":""干城村"",""地址"":""花蓮縣吉安鄉吉安路六段700號"",""地下樓層數"":""1.0"",""可容納人數"":""156人"",""備註"":"""",""placemark_address"":""花蓮縣吉安鄉吉安路六段700號""}"
23.948229,121.527393,"{""電腦編號"":""SNA00155"",""類別"":""花蓮監獄"",""村里別"":""干城村"",""地址"":""花蓮縣吉安鄉吉安路六段700號"",""地下樓層數"":""1.0"",""可容納人數"":""220人"",""備註"":"""",""placemark_address"":""花蓮縣吉安鄉吉安路六段700號""}"
23.948229,121.527393,"{""電腦編號"":""SNA00156"",""類別"":""花蓮監獄"",""村里別"":""干城村"",""地址"":""花蓮縣吉安鄉吉安路六段700號"",""地下樓層數"":""1.0"",""可容納人數"":""1400人"",""備註"":"""",""placemark_address"":""花蓮縣吉安鄉吉安路六段700號""}"
23.952855,121.551349,"{""電腦編號"":""SNA00157"",""類別"":""南華村活動中心"",""村里別"":""南華村"",""地址"":""花蓮縣吉安鄉南華四街123號"",""地下樓層數"":""1.0"",""可容納人數"":""130人"",""備註"":"""",""placemark_address"":""花蓮縣吉安鄉南華四街123號""}"
23.894245,121.543423,"{""電腦編號"":""SNA00158"",""類別"":""國立東華大學(文學院)"",""村里別"":""志學村"",""地址"":""花蓮縣壽豐鄉大學路二段1號"",""地下樓層數"":""1.0"",""可容納人數"":""1304人"",""備註"":"""",""placemark_address"":""花蓮縣壽豐鄉大學路二段1號""}"
23.895979,121.535244,"{""電腦編號"":""SNA00159"",""類別"":""國立東華大學(仰山莊)"",""村里別"":""志學村"",""地址"":""花蓮縣壽豐鄉仰山莊1號"",""地下樓層數"":""1.0"",""可容納人數"":""4017人"",""備註"":"""",""placemark_address"":""花蓮縣壽豐鄉仰山莊1號""}"
23.894245,121.543423,"{""電腦編號"":""SNA00160"",""類別"":""國立東華大學(行政大樓)"",""村里別"":""志學村"",""地址"":""花蓮縣壽豐鄉大學路二段1號"",""地下樓層數"":""1.0"",""可容納人數"":""1672人"",""備註"":"""",""placemark_address"":""花蓮縣壽豐鄉大學路二段1號""}"
23.885695,121.518663,"{""電腦編號"":""SNA00161"",""類別"":""平和國中"",""村里別"":""平和村"",""地址"":""花蓮縣壽豐鄉平和路48號"",""地下樓層數"":""1.0"",""可容納人數"":""377人"",""備註"":"""",""placemark_address"":""花蓮縣壽豐鄉平和路48號""}"
23.871089,121.507755,"{""電腦編號"":""SNA00162"",""類別"":""壽豐鄉圖書館"",""村里別"":""壽豐村"",""地址"":""花蓮縣壽豐鄉壽山路62號"",""地下樓層數"":""1.0"",""可容納人數"":""162人"",""備註"":"""",""placemark_address"":""花蓮縣壽豐鄉壽山路62號""}"
23.788069,121.563187,"{""電腦編號"":""SNA00164"",""類別"":""水璉消防分隊"",""村里別"":""水璉村"",""地址"":""花蓮縣壽豐鄉水璉路6號"",""地下樓層數"":""1.0"",""可容納人數"":""908人"",""備註"":"""",""placemark_address"":""花蓮縣壽豐鄉水璉路6號""}"
23.973094,121.586789,"{""電腦編號"":""SNA00165"",""類別"":""麥當勞"",""村里別"":""宜昌村"",""地址"":""花蓮縣吉安鄉宜昌一街2-3號"",""地下樓層數"":""1.0"",""可容納人數"":""950人"",""備註"":"""",""placemark_address"":""花蓮縣吉安鄉宜昌一街2-3號""}"
23.973576,121.587084,"{""電腦編號"":""SNA00166"",""類別"":""鮮友火鍋"",""村里別"":""宜昌村"",""地址"":""花蓮縣吉安鄉中華路二段11號"",""地下樓層數"":""1.0"",""可容納人數"":""6168人"",""備註"":"""",""placemark_address"":""花蓮縣吉安鄉中華路二段11號""}"
23.970002,121.582871,"{""電腦編號"":""SNA00167"",""類別"":""華登旅館"",""村里別"":""南昌村"",""地址"":""花蓮縣吉安鄉南昌北路34號"",""地下樓層數"":""1.0"",""可容納人數"":""200人"",""備註"":"""",""placemark_address"":""花蓮縣吉安鄉南昌北路34號""}"
23.972784,121.583115,"{""電腦編號"":""SNA00168"",""類別"":""澄品飯店"",""村里別"":""宜昌村"",""地址"":""花蓮縣吉安鄉宜昌六街11號"",""地下樓層數"":""1.0"",""可容納人數"":""396人"",""備註"":"""",""placemark_address"":""花蓮縣吉安鄉宜昌六街11號""}"
23.973094,121.586789,"{""電腦編號"":""SNA00169"",""類別"":""碧海藍天飯店"",""村里別"":""宜昌村"",""地址"":""花蓮縣吉安鄉宜昌一街2-2號"",""地下樓層數"":""1.0"",""可容納人數"":""950人"",""備註"":"""",""placemark_address"":""花蓮縣吉安鄉宜昌一街2-2號""}"
23.96646,121.596652,"{""電腦編號"":""SNA00170"",""類別"":""華瀚飯店"",""村里別"":""東昌村"",""地址"":""花蓮縣吉安鄉東海一街100號"",""地下樓層數"":""1.0"",""可容納人數"":""2153人"",""備註"":"""",""placemark_address"":""花蓮縣吉安鄉東海一街100號""}"
23.97679,121.585004,"{""電腦編號"":""SNA00171"",""類別"":""函園飯店"",""村里別"":""勝安村"",""地址"":""花蓮縣吉安鄉自強路25號"",""地下樓層數"":""1.0"",""可容納人數"":""200人"",""備註"":"""",""placemark_address"":""花蓮縣吉安鄉自強路25號""}"
23.97736,121.58721,"{""電腦編號"":""SNA00172"",""類別"":""欣榮大廈"",""村里別"":""勝安村"",""地址"":""花蓮縣吉安鄉慈惠三街114號"",""地下樓層數"":""1.0"",""可容納人數"":""186人"",""備註"":"""",""placemark_address"":""花蓮縣吉安鄉慈惠三街114號""}"
23.977958,121.586018,"{""電腦編號"":""SNA00173"",""類別"":""慈惠堂"",""村里別"":""勝安村"",""地址"":""花蓮縣吉安鄉慈惠三街136號"",""地下樓層數"":""1.0"",""可容納人數"":""326人"",""備註"":"""",""placemark_address"":""花蓮縣吉安鄉慈惠三街136號""}"
23.977727,121.586708,"{""電腦編號"":""SNA00174"",""類別"":""勝安宮"",""村里別"":""勝安村"",""地址"":""花蓮縣吉安鄉慈惠三街118號"",""地下樓層數"":""1.0"",""可容納人數"":""208人"",""備註"":"""",""placemark_address"":""花蓮縣吉安鄉慈惠三街118號""}"
23.969712,121.579941,"{""電腦編號"":""SNA00008"",""類別"":""華廈"",""村里別"":""南昌村"",""地址"":""花蓮縣吉安鄉南昌路78號"",""地下樓層數"":""1.0"",""可容納人數"":""1645人"",""備註"":"""",""placemark_address"":""花蓮縣吉安鄉南昌路78號""}"
23.869543,121.506687,"{""電腦編號"":""SNA00163"",""類別"":""壽豐鄉文化中心"",""村里別"":""壽豐村"",""地址"":""花蓮縣壽豐鄉公園路30號"",""地下樓層數"":""1.0"",""可容納人數"":""267人"",""備註"":"""",""placemark_address"":""花蓮縣壽豐鄉公園路30號""}"
23.972966,121.57798,"{""電腦編號"":""SNA00147"",""類別"":""吉安鄉立圖書館"",""村里別"":""吉安村"",""地址"":""花蓮縣吉安鄉中山路三段３號"",""地下樓層數"":""1.0"",""可容納人數"":""１５８人"",""備註"":"""",""placemark_address"":""""}"
24.003008,121.613063,"{""電腦編號"":""SOA00001"",""類別"":""台電花東營運處"",""村里別"":""嘉新村"",""地址"":""花蓮縣新城鄉嘉南一街1號"",""地下樓層數"":""1.0"",""可容納人數"":""310人"",""備註"":"""",""placemark_address"":""花蓮縣新城鄉嘉南一街1號""}"
24.003412,121.614416,"{""電腦編號"":""SOA00002"",""類別"":""衛福部東區老人之家"",""村里別"":""嘉新村"",""地址"":""花蓮縣新城鄉嘉南路28巷2號"",""地下樓層數"":""1.0"",""可容納人數"":""869人"",""備註"":"""",""placemark_address"":""花蓮縣新城鄉嘉南路28巷2號""}"
24.003412,121.614416,"{""電腦編號"":""SOA00003"",""類別"":""衛福部東區老人之家"",""村里別"":""嘉新村"",""地址"":""花蓮縣新城鄉嘉南路28巷2號"",""地下樓層數"":""1.0"",""可容納人數"":""144人"",""備註"":"""",""placemark_address"":""花蓮縣新城鄉嘉南路28巷2號""}"
24.007373,121.613612,"{""電腦編號"":""SOA00004"",""類別"":""海星中學"",""村里別"":""嘉新村"",""地址"":""花蓮縣新城鄉嘉新36號"",""地下樓層數"":""1.0"",""可容納人數"":""133人"",""備註"":"""",""placemark_address"":""花蓮縣新城鄉嘉新36號""}"
24.017147,121.606468,"{""電腦編號"":""SOA00006"",""類別"":""保安宮"",""村里別"":""嘉里村"",""地址"":""花蓮縣新城鄉嘉里二路121巷1號"",""地下樓層數"":""1.0"",""可容納人數"":""420人"",""備註"":"""",""placemark_address"":""花蓮縣新城鄉嘉里二路121巷1號""}"
24.039076,121.594347,"{""電腦編號"":""SOA00008"",""類別"":""中國石油花蓮儲營所"",""村里別"":""佳林村"",""地址"":""花蓮縣新城鄉佳林103號"",""地下樓層數"":""1.0"",""可容納人數"":""160人"",""備註"":"""",""placemark_address"":""花蓮縣新城鄉佳林103號""}"
24.015362,121.610271,"{""電腦編號"":""SOA00049"",""類別"":""家福股份有限公司"",""村里別"":""嘉里村"",""地址"":""花蓮縣新城鄉嘉里路15號"",""地下樓層數"":""1.0"",""可容納人數"":""5172人"",""備註"":"""",""placemark_address"":""花蓮縣新城鄉嘉里路15號""}"
24.032537,121.603101,"{""電腦編號"":""SOA00009  "",""類別"":""私人民宅"",""村里別"":""北埔村"",""地址"":""花蓮縣新城鄉民族路60號"",""地下樓層數"":""1.0"",""可容納人數"":""61人"",""備註"":"""",""placemark_address"":""花蓮縣新城鄉民族路60號""}"
24.032532,121.603049,"{""電腦編號"":""SOA00010  "",""類別"":""私人民宅"",""村里別"":""北埔村"",""地址"":""花蓮縣新城鄉民族路62號"",""地下樓層數"":""1.0"",""可容納人數"":""68人"",""備註"":"""",""placemark_address"":""花蓮縣新城鄉民族路62號""}"
24.02746,121.606219,"{""電腦編號"":""SOA00011 "",""類別"":""交通部花蓮電信局  "",""村里別"":""北埔村"",""地址"":""花蓮縣新城鄉北埔路11號"",""地下樓層數"":""1.0"",""可容納人數"":""693人"",""備註"":"""",""placemark_address"":""花蓮縣新城鄉北埔路11號""}"
24.032316,121.604349,"{""電腦編號"":""SOA00012  "",""類別"":""福聖宮"",""村里別"":""北埔村"",""地址"":""花蓮縣新城鄉北埔路183號"",""地下樓層數"":""1.0"",""可容納人數"":""246人"",""備註"":"""",""placemark_address"":""花蓮縣新城鄉北埔路183號""}"
24.030002,121.605232,"{""電腦編號"":""SOA00013   "",""類別"":""新城國中"",""村里別"":""北埔村"",""地址"":""花蓮縣新城鄉北埔路143號"",""地下樓層數"":""1.0"",""可容納人數"":""142人"",""備註"":"""",""placemark_address"":""花蓮縣新城鄉北埔路143號""}"
24.030002,121.605232,"{""電腦編號"":""SOA00014  "",""類別"":""新城國中  "",""村里別"":""北埔村"",""地址"":""花蓮縣新城鄉北埔路143號"",""地下樓層數"":""1.0"",""可容納人數"":""68人"",""備註"":"""",""placemark_address"":""花蓮縣新城鄉北埔路143號""}"
24.032515,121.602895,"{""電腦編號"":""SOA00015  "",""類別"":""私人民宅"",""村里別"":""北埔村"",""地址"":""花蓮縣新城鄉民族路68號"",""地下樓層數"":""1.0"",""可容納人數"":""114人"",""備註"":"""",""placemark_address"":""花蓮縣新城鄉民族路68號""}"
24.031257,121.604651,"{""電腦編號"":""SOA00016 "",""類別"":""台電北埔服務所"",""村里別"":""北埔村"",""地址"":""花蓮縣新城鄉北埔路145號"",""地下樓層數"":""1.0"",""可容納人數"":""176人"",""備註"":"""",""placemark_address"":""花蓮縣新城鄉北埔路145號""}"
24.030002,121.605232,"{""電腦編號"":""SOA00017    "",""類別"":""新城國中"",""村里別"":""北埔村"",""地址"":""花蓮縣新城鄉北埔路143號"",""地下樓層數"":""1.0"",""可容納人數"":""410人"",""備註"":"""",""placemark_address"":""花蓮縣新城鄉北埔路143號""}"
24.027032,121.629647,"{""電腦編號"":""SOA00019  "",""類別"":""私人民宅"",""村里別"":""北埔村"",""地址"":""花蓮縣新城鄉北埔138號"",""地下樓層數"":""1.0"",""可容納人數"":""152人"",""備註"":"""",""placemark_address"":""花蓮縣新城鄉北埔138號""}"
24.007724,121.61065,"{""電腦編號"":""SOA00020  "",""類別"":""私人民宅"",""村里別"":""北埔村"",""地址"":""花蓮縣新城鄉北埔140號"",""地下樓層數"":""1.0"",""可容納人數"":""196人"",""備註"":"""",""placemark_address"":""花蓮縣新城鄉北埔140號""}"
24.029803,121.605583,"{""電腦編號"":""SOA00022   "",""類別"":""東洋藝品館"",""村里別"":""北埔村"",""地址"":""花蓮縣新城鄉北埔路146號"",""地下樓層數"":""1.0"",""可容納人數"":""186人"",""備註"":"""",""placemark_address"":""花蓮縣新城鄉北埔路146號""}"
24.040044,121.59857,"{""電腦編號"":""SOA00023   "",""類別"":""大漢技術學院"",""村里別"":""北埔村"",""地址"":""花蓮縣新城鄉樹人街1號"",""地下樓層數"":""1.0"",""可容納人數"":""2900人"",""備註"":"""",""placemark_address"":""花蓮縣新城鄉樹人街1號""}"
24.038326,121.601578,"{""電腦編號"":""SOA00024     "",""類別"":""新秀農會"",""村里別"":""北埔村"",""地址"":""花蓮縣新城鄉樹人街2號"",""地下樓層數"":""1.0"",""可容納人數"":""253人"",""備註"":"""",""placemark_address"":""花蓮縣新城鄉樹人街2號""}"
24.037901,121.604648,"{""電腦編號"":""SOA00025 "",""類別"":""新城鄉公所  "",""村里別"":""北埔村"",""地址"":""花蓮縣新城鄉光復路570號"",""地下樓層數"":""1.0"",""可容納人數"":""268人"",""備註"":"""",""placemark_address"":""花蓮縣新城鄉光復路570號""}"
24.040044,121.59857,"{""電腦編號"":""SOA00046    "",""類別"":""大漢技術學院"",""村里別"":""北埔村"",""地址"":""花蓮縣新城鄉樹人街1號"",""地下樓層數"":""1.0"",""可容納人數"":""2900人"",""備註"":"""",""placemark_address"":""花蓮縣新城鄉樹人街1號""}"
24.034835,121.610011,"{""電腦編號"":""SOA00052  "",""類別"":""大漢技術學院  "",""村里別"":""大漢村"",""地址"":""花蓮縣新城鄉民權街68號"",""地下樓層數"":""1.0"",""可容納人數"":""3902人"",""備註"":"""",""placemark_address"":""花蓮縣新城鄉民權街68號""}"
24.040044,121.59857,"{""電腦編號"":""SOA00048   "",""類別"":""大漢技術學院 "",""村里別"":""北埔村"",""地址"":""花蓮縣新城鄉樹人街1號"",""地下樓層數"":""1.0"",""可容納人數"":""69人"",""備註"":"""",""placemark_address"":""花蓮縣新城鄉樹人街1號""}"
24.04493,121.606922,"{""電腦編號"":""SOA00027"",""類別"":""上昌實業公司"",""村里別"":""康樂村"",""地址"":""花蓮縣新城鄉大漢街100號"",""地下樓層數"":""1.0"",""可容納人數"":""34人"",""備註"":"""",""placemark_address"":""花蓮縣新城鄉大漢街100號""}"
24.048466,121.607635,"{""電腦編號"":""SOA00034"",""類別"":""國行企業公司"",""村里別"":""康樂村"",""地址"":""花蓮縣新城鄉大漢街259號"",""地下樓層數"":""1.0"",""可容納人數"":""70人"",""備註"":"""",""placemark_address"":""花蓮縣新城鄉大漢街259號""}"
24.054418,121.602016,"{""電腦編號"":""SOA00059"",""類別"":""慈濟靜思精舍"",""村里別"":""康樂村"",""地址"":""花蓮縣新城鄉精舍街88巷1號"",""地下樓層數"":""1.0"",""可容納人數"":""985人"",""備註"":"""",""placemark_address"":""花蓮縣新城鄉精舍街88巷1號""}"
24.048103,121.60736,"{""電腦編號"":""SOA00045"",""類別"":""廣典公司"",""村里別"":""康樂村"",""地址"":""花蓮縣新城鄉大漢街257號"",""地下樓層數"":""1.0"",""可容納人數"":""17人"",""備註"":"""",""placemark_address"":""花蓮縣新城鄉大漢街257號""}"
24.048103,121.60736,"{""電腦編號"":""SOA00029"",""類別"":""廣典公司"",""村里別"":""康樂村"",""地址"":""花蓮縣新城鄉大漢街257號"",""地下樓層數"":""1.0"",""可容納人數"":""89人"",""備註"":"""",""placemark_address"":""花蓮縣新城鄉大漢街257號""}"
24.05898,121.606725,"{""電腦編號"":""SOA00026"",""類別"":""光隆企業股份有限公司"",""村里別"":""康樂村"",""地址"":""花蓮縣新城鄉加灣1之2號"",""地下樓層數"":""1.0"",""可容納人數"":""112人"",""備註"":"""",""placemark_address"":""花蓮縣新城鄉加灣1之2號""}"
24.05898,121.606725,"{""電腦編號"":""SOA00050"",""類別"":""光隆企業股份有限公司"",""村里別"":""康樂村"",""地址"":""花蓮縣新城鄉加灣1之2號"",""地下樓層數"":""1.0"",""可容納人數"":""320人"",""備註"":"""",""placemark_address"":""花蓮縣新城鄉加灣1之2號""}"
24.065916,121.60714,"{""電腦編號"":""SOA00035"",""類別"":""台電北埔變電所"",""村里別"":""景美村"",""地址"":""花蓮縣秀林鄉加灣6之1號"",""地下樓層數"":""1.0"",""可容納人數"":""53人"",""備註"":"""",""placemark_address"":""花蓮縣秀林鄉加灣6之1號""}"
24.125909,121.653226,"{""電腦編號"":""SOA00037"",""類別"":""秀林國中"",""村里別"":""新城村"",""地址"":""花蓮縣新城鄉中山路56號"",""地下樓層數"":""1.0"",""可容納人數"":""402人"",""備註"":"""",""placemark_address"":""花蓮縣新城鄉中山路56號""}"
24.126926,121.653299,"{""電腦編號"":""SOA00038"",""類別"":""新城分局"",""村里別"":""新城村"",""地址"":""花蓮縣新城鄉中山路59號"",""地下樓層數"":""1.0"",""可容納人數"":""45人"",""備註"":"""",""placemark_address"":""花蓮縣新城鄉中山路59號""}"
24.129099,121.649002,"{""電腦編號"":""SOA00039"",""類別"":""天主教堂"",""村里別"":""新城村"",""地址"":""花蓮縣新城鄉博愛路60之1號"",""地下樓層數"":""1.0"",""可容納人數"":""289人"",""備註"":"""",""placemark_address"":""花蓮縣新城鄉博愛路60之1號""}"
24.13354,121.639841,"{""電腦編號"":""SOA00040"",""類別"":""亞洲水泥花蓮廠"",""村里別"":""新城村"",""地址"":""花蓮縣新城鄉新興路125號"",""地下樓層數"":""1.0"",""可容納人數"":""290人"",""備註"":"""",""placemark_address"":""花蓮縣新城鄉新興路125號""}"
24.13354,121.639841,"{""電腦編號"":""SOA00041"",""類別"":""亞洲水泥花蓮廠"",""村里別"":""新城村"",""地址"":""花蓮縣新城鄉新興路125號"",""地下樓層數"":""1.0"",""可容納人數"":""380人"",""備註"":"""",""placemark_address"":""花蓮縣新城鄉新興路125號""}"
24.126611,121.65133,"{""電腦編號"":""SOA00051"",""類別"":""財團法人天主教會~聲遠之家"",""村里別"":""新城村"",""地址"":""花蓮縣新城鄉博愛路31號"",""地下樓層數"":""1.0"",""可容納人數"":""700人"",""備註"":"""",""placemark_address"":""""}"
24.126611,121.65133,"{""電腦編號"":""SOA00056"",""類別"":""財團法人天主教會~聲遠之家"",""村里別"":""新城村"",""地址"":""花蓮縣新城鄉博愛路31號"",""地下樓層數"":""1.0"",""可容納人數"":""794人"",""備註"":"""",""placemark_address"":""花蓮縣新城鄉博愛路31號""}"
24.16901,121.653952,"{""電腦編號"":""SOA00060"",""類別"":""台灣基督長老教會太魯閣教會"",""村里別"":""富世村"",""地址"":""花蓮縣秀林鄉村民樂39號"",""地下樓層數"":""1.0"",""可容納人數"":""80人"",""備註"":"""",""placemark_address"":""花蓮縣秀林鄉村民樂39號""}"
24.206087,121.451423,"{""電腦編號"":""SOA00017"",""類別"":""工程四大隊洛韶工務段"",""村里別"":""富世村"",""地址"":""花蓮縣秀林鄉洛韶22號"",""地下樓層數"":""1.0"",""可容納人數"":""66人"",""備註"":"""",""placemark_address"":""花蓮縣秀林鄉洛韶22號""}"
23.332865,121.31267,"{""電腦編號"":""SPA00001"",""類別"":""新新旅社"",""村里別"":""中城里"",""地址"":""花蓮縣玉里鎮大同路228號"",""地下樓層數"":""1.0"",""可容納人數"":""160人"",""備註"":"""",""placemark_address"":""花蓮縣玉里鎮大同路228號""}"
23.332865,121.31267,"{""電腦編號"":""SPA00002"",""類別"":""玉麒麟旅社"",""村里別"":""中城里"",""地址"":""花蓮縣玉里鎮大同路228號"",""地下樓層數"":""1.0"",""可容納人數"":""85人"",""備註"":"""",""placemark_address"":""花蓮縣玉里鎮大同路228號""}"
23.332224,121.314424,"{""電腦編號"":""SPA00003"",""類別"":""和平旅社"",""村里別"":""中城里"",""地址"":""花蓮縣玉里鎮和平路51號"",""地下樓層數"":""1.0"",""可容納人數"":""270人"",""備註"":"""",""placemark_address"":""花蓮縣玉里鎮和平路51號""}"
23.331551,121.314572,"{""電腦編號"":""SPA00004"",""類別"":""台電玉里服務處"",""村里別"":""中城里"",""地址"":""花蓮縣玉里鎮光復路104號"",""地下樓層數"":""1.0"",""可容納人數"":""354人"",""備註"":"""",""placemark_address"":""花蓮縣玉里鎮光復路104號""}"
23.331614,121.31249,"{""電腦編號"":""SPA00005"",""類別"":""瓦拉米客棧"",""村里別"":""中城里"",""地址"":""花蓮縣玉里鎮大同路214號"",""地下樓層數"":""1.0"",""可容納人數"":""92人"",""備註"":"""",""placemark_address"":""花蓮縣玉里鎮大同路214號""}"
23.339213,121.312031,"{""電腦編號"":""SPA00006"",""類別"":""玉里榮民醫院精神研究大樓"",""村里別"":""泰昌里"",""地址"":""花蓮縣玉里鎮新興街91號"",""地下樓層數"":""1.0"",""可容納人數"":""1514人"",""備註"":"""",""placemark_address"":""花蓮縣玉里鎮新興街91號""}"
23.338398,121.31191,"{""電腦編號"":""SPA00007"",""類別"":""玉里醫院禮堂"",""村里別"":""泰昌里"",""地址"":""花蓮縣玉里鎮新興街95號"",""地下樓層數"":""1.0"",""可容納人數"":""512人"",""備註"":"""",""placemark_address"":""花蓮縣玉里鎮新興街95號""}"
23.339213,121.312031,"{""電腦編號"":""SPA00008"",""類別"":""玉里榮民醫院"",""村里別"":""泰昌里"",""地址"":""花蓮縣玉里鎮新興街91號"",""地下樓層數"":""1.0"",""可容納人數"":""750人"",""備註"":"""",""placemark_address"":""花蓮縣玉里鎮新興街91號""}"
23.339213,121.312031,"{""電腦編號"":""SPA00009"",""類別"":""玉里榮民醫院"",""村里別"":""泰昌里"",""地址"":""花蓮縣玉里鎮新興街91號"",""地下樓層數"":""1.0"",""可容納人數"":""290人"",""備註"":"""",""placemark_address"":""花蓮縣玉里鎮新興街91號""}"
23.339213,121.312031,"{""電腦編號"":""SPA00010"",""類別"":""玉里榮民醫院"",""村里別"":""泰昌里"",""地址"":""花蓮縣玉里鎮新興街91號"",""地下樓層數"":""1.0"",""可容納人數"":""1100人"",""備註"":"""",""placemark_address"":""花蓮縣玉里鎮新興街91號""}"
23.336739,121.3137,"{""電腦編號"":""SPA00011"",""類別"":""玉里警察分局"",""村里別"":""泰昌里"",""地址"":""花蓮縣玉里鎮博愛路200號"",""地下樓層數"":""1.0"",""可容納人數"":""240人"",""備註"":"""",""placemark_address"":""花蓮縣玉里鎮博愛路200號""}"
23.339213,121.312031,"{""電腦編號"":""SPA00012"",""類別"":""玉里榮民醫院"",""村里別"":""泰昌里"",""地址"":""花蓮縣玉里鎮新興街91號"",""地下樓層數"":""1.0"",""可容納人數"":""670人"",""備註"":"""",""placemark_address"":""花蓮縣玉里鎮新興街91號""}"
23.339213,121.312031,"{""電腦編號"":""SPA00013"",""類別"":""玉里榮民醫院"",""村里別"":""泰昌里"",""地址"":""花蓮縣玉里鎮新興街91號"",""地下樓層數"":""1.0"",""可容納人數"":""130人"",""備註"":"""",""placemark_address"":""花蓮縣玉里鎮新興街91號""}"
23.339213,121.312031,"{""電腦編號"":""SPA00014"",""類別"":""玉里榮民醫院"",""村里別"":""泰昌里"",""地址"":""花蓮縣玉里鎮新興街91號"",""地下樓層數"":""1.0"",""可容納人數"":""430人"",""備註"":"""",""placemark_address"":""花蓮縣玉里鎮新興街91號""}"
23.339213,121.312031,"{""電腦編號"":""SPA00015"",""類別"":""玉里榮民醫院綜合大樓"",""村里別"":""泰昌里"",""地址"":""花蓮縣玉里鎮新興街91號"",""地下樓層數"":""1.0"",""可容納人數"":""2390人"",""備註"":"""",""placemark_address"":""花蓮縣玉里鎮新興街91號""}"
23.339213,121.312031,"{""電腦編號"":""SPA00016"",""類別"":""玉里榮民醫院"",""村里別"":""泰昌里"",""地址"":""花蓮縣玉里鎮新興街91號"",""地下樓層數"":""1.0"",""可容納人數"":""500人"",""備註"":"""",""placemark_address"":""花蓮縣玉里鎮新興街91號""}"
23.335566,121.314027,"{""電腦編號"":""SPA00017"",""類別"":""中華電信公司玉里營業處"",""村里別"":""泰昌里"",""地址"":""花蓮縣玉里鎮中山路二段137號"",""地下樓層數"":""1.0"",""可容納人數"":""400人"",""備註"":"""",""placemark_address"":""花蓮縣玉里鎮中山路二段137號""}"
23.336894,121.315718,"{""電腦編號"":""SPA00018"",""類別"":""安德啟智中心"",""村里別"":""泰昌里"",""地址"":""花蓮縣玉里鎮博愛路37之1號"",""地下樓層數"":""1.0"",""可容納人數"":""75人"",""備註"":"""",""placemark_address"":""花蓮縣玉里鎮博愛路37之1號""}"
23.334562,121.315444,"{""電腦編號"":""SPA00019"",""類別"":""玉里鎮公所"",""村里別"":""泰昌里"",""地址"":""花蓮縣玉里鎮中正路122號"",""地下樓層數"":""1.0"",""可容納人數"":""482人"",""備註"":"""",""placemark_address"":""花蓮縣玉里鎮中正路122號""}"
23.335353,121.314115,"{""電腦編號"":""SPA00020"",""類別"":""好樂迪KTV"",""村里別"":""泰昌里"",""地址"":""花蓮縣玉里鎮中山路二段135號"",""地下樓層數"":""1.0"",""可容納人數"":""550人"",""備註"":"""",""placemark_address"":""花蓮縣玉里鎮中山路二段135號""}"
23.332252,121.316854,"{""電腦編號"":""SPA00021"",""類別"":""國稅局玉里稅捐處"",""村里別"":""國武里"",""地址"":""花蓮縣玉里鎮光復路52號"",""地下樓層數"":""1.0"",""可容納人數"":""200人"",""備註"":"""",""placemark_address"":""花蓮縣玉里鎮光復路52號""}"
23.327117,121.315614,"{""電腦編號"":""SPA00022"",""類別"":""玉里國泰人壽保險公司"",""村里別"":""中城里"",""地址"":""花蓮縣玉里鎮仁愛路一段78號"",""地下樓層數"":""1.0"",""可容納人數"":""443人"",""備註"":"""",""placemark_address"":""花蓮縣玉里鎮仁愛路一段78號""}"
23.333162,121.314905,"{""電腦編號"":""SPA00023"",""類別"":""土地銀行玉里分行"",""村里別"":""國武里"",""地址"":""花蓮縣玉里鎮中山路二段51號"",""地下樓層數"":""1.0"",""可容納人數"":""120人"",""備註"":"""",""placemark_address"":""花蓮縣玉里鎮中山路二段51號""}"
23.334662,121.318526,"{""電腦編號"":""SPA00024"",""類別"":""慈濟玉里分院"",""村里別"":""國武里"",""地址"":""花蓮縣玉里鎮民權街1之1號"",""地下樓層數"":""1.0"",""可容納人數"":""2299人"",""備註"":"""",""placemark_address"":""花蓮縣玉里鎮民權街1之1號""}"
23.333566,121.315687,"{""電腦編號"":""SPA00025"",""類別"":""福錦旅社"",""村里別"":""國武里"",""地址"":""花蓮縣玉里鎮中正路91號"",""地下樓層數"":""1.0"",""可容納人數"":""160人"",""備註"":"""",""placemark_address"":""花蓮縣玉里鎮中正路91號""}"
23.333075,121.314967,"{""電腦編號"":""SPA00026"",""類別"":""玉里溪農會信用部"",""村里別"":""國武里"",""地址"":""花蓮縣玉里鎮中山路二段49號"",""地下樓層數"":""1.0"",""可容納人數"":""100人"",""備註"":"""",""placemark_address"":""花蓮縣玉里鎮中山路二段49號""}"
23.339725,121.318111,"{""電腦編號"":""SPA00027"",""類別"":""中華電信公司玉里工務段"",""村里別"":""永昌里"",""地址"":""花蓮縣玉里鎮民國路二段63號"",""地下樓層數"":""1.0"",""可容納人數"":""640人"",""備註"":"""",""placemark_address"":""花蓮縣玉里鎮民國路二段63號""}"
23.341626,121.318253,"{""電腦編號"":""SPA00028"",""類別"":""玉里地政事務所"",""村里別"":""永昌里"",""地址"":""花蓮縣玉里鎮莊敬路18號"",""地下樓層數"":""1.0"",""可容納人數"":""265人"",""備註"":"""",""placemark_address"":""花蓮縣玉里鎮莊敬路18號""}"
23.340827,121.317303,"{""電腦編號"":""SPA00029"",""類別"":""中華電信公司玉里無線股"",""村里別"":""永昌里"",""地址"":""花蓮縣玉里鎮中華路354號"",""地下樓層數"":""1.0"",""可容納人數"":""130人"",""備註"":"""",""placemark_address"":""花蓮縣玉里鎮中華路354號""}"
23.347017,121.319098,"{""電腦編號"":""SPA00030"",""類別"":""玉里高中美工科工廠"",""村里別"":""永昌里"",""地址"":""花蓮縣玉里鎮中華路424號"",""地下樓層數"":""1.0"",""可容納人數"":""134人"",""備註"":"""",""placemark_address"":""花蓮縣玉里鎮中華路424號""}"
23.347017,121.319098,"{""電腦編號"":""SPA00031"",""類別"":""玉里高中合作社"",""村里別"":""永昌里"",""地址"":""花蓮縣玉里鎮中華路424號"",""地下樓層數"":""1.0"",""可容納人數"":""160人"",""備註"":"""",""placemark_address"":""花蓮縣玉里鎮中華路424號""}"
23.347017,121.319098,"{""電腦編號"":""SPA00032"",""類別"":""玉里高中"",""村里別"":""永昌里"",""地址"":""花蓮縣玉里鎮中華路424號"",""地下樓層數"":""1.0"",""可容納人數"":""176人"",""備註"":"""",""placemark_address"":""花蓮縣玉里鎮中華路424號""}"
23.347017,121.319098,"{""電腦編號"":""SPA00033"",""類別"":""玉里高中體育館"",""村里別"":""永昌里"",""地址"":""花蓮縣玉里鎮中華路424號"",""地下樓層數"":""1.0"",""可容納人數"":""425人"",""備註"":"""",""placemark_address"":""花蓮縣玉里鎮中華路424號""}"
23.347017,121.319098,"{""電腦編號"":""SPA00034"",""類別"":""玉里高中圖書館"",""村里別"":""永昌里"",""地址"":""花蓮縣玉里鎮中華路424號"",""地下樓層數"":""1.0"",""可容納人數"":""186人"",""備註"":"""",""placemark_address"":""花蓮縣玉里鎮中華路424號""}"
23.328657,121.319972,"{""電腦編號"":""SPA00035"",""類別"":""玉里鎮老人館"",""村里別"":""中城里"",""地址"":""花蓮縣玉里鎮忠智路72號"",""地下樓層數"":""1.0"",""可容納人數"":""330人"",""備註"":"""",""placemark_address"":""花蓮縣玉里鎮忠智路72號""}"
23.328547,121.316927,"{""電腦編號"":""SPA00036"",""類別"":""玉里新光人壽保險公司"",""村里別"":""中城里"",""地址"":""花蓮縣玉里鎮中山路一段96號"",""地下樓層數"":""1.0"",""可容納人數"":""358人"",""備註"":"""",""placemark_address"":""花蓮縣玉里鎮中山路一段96號""}"
23.289757,121.295257,"{""電腦編號"":""SPA00037"",""類別"":""玉里醫院長良分院"",""村里別"":""長良里"",""地址"":""花蓮縣玉里鎮忠義33號"",""地下樓層數"":""1.0"",""可容納人數"":""750人"",""備註"":"""",""placemark_address"":""花蓮縣玉里鎮忠義33號""}"
23.281189,121.341924,"{""電腦編號"":""SPA00038"",""類別"":""安通溫泉旅社"",""村里別"":""樂合里"",""地址"":""花蓮縣玉里鎮溫泉36號"",""地下樓層數"":""1.0"",""可容納人數"":""96人"",""備註"":"""",""placemark_address"":""花蓮縣玉里鎮溫泉36號""}"
23.417074,121.370609,"{""電腦編號"":""SPA00039"",""類別"":""玉東國中體育館"",""村里別"":""松浦里"",""地址"":""花蓮縣玉里鎮松浦39號"",""地下樓層數"":""1.0"",""可容納人數"":""440人"",""備註"":"""",""placemark_address"":""花蓮縣玉里鎮松浦39號""}"
23.176364,121.248087,"{""電腦編號"":""SPA00040"",""類別"":""富里郵局"",""村里別"":""富里村"",""地址"":""花蓮縣富里鄉中山路169號"",""地下樓層數"":""1.0"",""可容納人數"":""125人"",""備註"":"""",""placemark_address"":""花蓮縣富里鄉中山路169號""}"
23.172408,121.246572,"{""電腦編號"":""SPA00041"",""類別"":""台電富里服務處"",""村里別"":""富里村"",""地址"":""花蓮縣富里鄉和平街22號"",""地下樓層數"":""1.0"",""可容納人數"":""180人"",""備註"":"""",""placemark_address"":""花蓮縣富里鄉和平街22號""}"
23.172515,121.24723,"{""電腦編號"":""SPA00042"",""類別"":""富里鄉公所綜合市場"",""村里別"":""富里村"",""地址"":""花蓮縣富里鄉中山路37號"",""地下樓層數"":""1.0"",""可容納人數"":""294人"",""備註"":"""",""placemark_address"":""花蓮縣富里鄉中山路37號""}"
23.179137,121.248645,"{""電腦編號"":""SPA00043"",""類別"":""富里火車站"",""村里別"":""富里村"",""地址"":""花蓮縣富里鄉車站街56號"",""地下樓層數"":""1.0"",""可容納人數"":""100人"",""備註"":"""",""placemark_address"":""花蓮縣富里鄉車站街56號""}"
23.179442,121.250287,"{""電腦編號"":""SPA00044"",""類別"":""富里鄉公所"",""村里別"":""富里村"",""地址"":""花蓮縣富里鄉中山路376號"",""地下樓層數"":""1.0"",""可容納人數"":""357人"",""備註"":"""",""placemark_address"":""花蓮縣富里鄉中山路376號""}"
23.173155,121.248643,"{""電腦編號"":""SPA00045"",""類別"":""富里國中體育館"",""村里別"":""富里村"",""地址"":""花蓮縣富里鄉永安街173號"",""地下樓層數"":""1.0"",""可容納人數"":""435人"",""備註"":"""",""placemark_address"":""花蓮縣富里鄉永安街173號""}"
23.176476,121.24853,"{""電腦編號"":""SPA00046"",""類別"":""中華電信公司富里服務中心"",""村里別"":""富里村"",""地址"":""花蓮縣富里鄉中山路308號"",""地下樓層數"":""1.0"",""可容納人數"":""740人"",""備註"":"""",""placemark_address"":""花蓮縣富里鄉中山路308號""}"
23.172756,121.249742,"{""電腦編號"":""SPA00047"",""類別"":""富里鄉公所圖書館"",""村里別"":""富里村"",""地址"":""花蓮縣富里鄉永安街123之2號"",""地下樓層數"":""1.0"",""可容納人數"":""125人"",""備註"":"""",""placemark_address"":""花蓮縣富里鄉永安街123之2號""}"
23.252729,121.296788,"{""電腦編號"":""SPA00048"",""類別"":""玉里醫院萬寧分院"",""村里別"":""萬寧村"",""地址"":""花蓮縣富里鄉鎮寧141號"",""地下樓層數"":""1.0"",""可容納人數"":""250人"",""備註"":"""",""placemark_address"":""花蓮縣富里鄉鎮寧141號""}"
23.252729,121.296788,"{""電腦編號"":""SPA00049"",""類別"":""玉里醫院萬寧分院"",""村里別"":""萬寧村"",""地址"":""花蓮縣富里鄉鎮寧141號"",""地下樓層數"":""1.0"",""可容納人數"":""950人"",""備註"":"""",""placemark_address"":""花蓮縣富里鄉鎮寧141號""}"
23.99795255,121.6348614,"{""電腦編號"":""A0001"",""村里別"":""民孝里"",""地址"":""花蓮市民孝里港口路15號"",""緯度"":""23.99795255"",""經度"":""121.6348614"",""地下樓層數"":""1"",""可容納人數"":""290.0"",""轄管分局"":""花蓮港務警察總隊保安警察隊"",""備註"":""""}"
23.98065719,121.6200116,"{""電腦編號"":""A0002"",""村里別"":""民德里"",""地址"":""花蓮市民德里海岸路66號"",""緯度"":""23.98065719"",""經度"":""121.6200116"",""地下樓層數"":""1"",""可容納人數"":""2903.0"",""轄管分局"":""花蓮港務警察總隊保安警察隊"",""備註"":""""}"
24.0057702,121.6372858,"{""電腦編號"":""A0003"",""村里別"":""民孝里"",""地址"":""花蓮港區第12號碼頭"",""緯度"":""24.0057702"",""經度"":""121.6372858"",""地下樓層數"":""1"",""可容納人數"":""170.0"",""轄管分局"":""花蓮港務警察總隊東堤中隊"",""備註"":""""}"
23.49749,121.37714,"{""電腦編號"":""20"",""村里別"":""瑞穗村"",""地址"":""花蓮縣瑞穗村009鄰四維街13號"",""緯度"":""23.49749"",""經度"":""121.37714"",""地下樓層數"":""1"",""可容納人數"":""100.0"",""轄管分局"":""鐵路警察局花蓮分局"",""備註"":""瑞穗車站""}"
23.74645,121.44701,"{""電腦編號"":""21"",""村里別"":""鳳智里"",""地址"":""花蓮縣鳳林鎮鳳智里019鄰中山路43號"",""緯度"":""23.74645"",""經度"":""121.44701"",""地下樓層數"":""1"",""可容納人數"":""170.0"",""轄管分局"":""鐵路警察局花蓮分局"",""備註"":""鳳林車站""}"
23.99341,121.60127,"{""電腦編號"":""22"",""村里別"":""國聯里"",""地址"":""花蓮縣花蓮市國聯里035鄰國聯一路100號"",""緯度"":""23.99341"",""經度"":""121.60127"",""地下樓層數"":""1"",""可容納人數"":""750.0"",""轄管分局"":""鐵路警察局花蓮分局"",""備註"":""花蓮車站""}"
24.02569807,121.6139004,"{""電腦編號"":""12"",""村里別"":""嘉里村"",""地址"":""花蓮縣新城鄉嘉里村機場巷1號B1(航站地下停車場)"",""緯度"":""24.02569807"",""經度"":""121.6139004"",""地下樓層數"":""地下1層"",""可容納人數"":""26266.0"",""轄管分局"":""航空警察局臺北分局"",""備註"":""""}"
23.978028,121.614211,"{""電腦編號"":""SMA03001"",""類別"":""中正體育館"",""村里別"":""民權里"",""地址"":""花蓮縣花蓮市公園路53號"",""地下樓層數"":""1"",""可容納人數"":""80人"",""備註"":"""",""placemark_address"":""花蓮縣花蓮市公園路53號""}"
23.979448,121.61523,"{""電腦編號"":""SMA03002"",""類別"":""花蓮女子中學"",""村里別"":""民權里"",""地址"":""花蓮縣花蓮市菁華街2號"",""地下樓層數"":""1"",""可容納人數"":""266人"",""備註"":"""",""placemark_address"":""花蓮縣花蓮市菁華街2號""}"
23.979448,121.61523,"{""電腦編號"":""SMA03003"",""類別"":""花蓮女子中學"",""村里別"":""民權里"",""地址"":""花蓮縣花蓮市菁華街2號"",""地下樓層數"":""1"",""可容納人數"":""586人"",""備註"":"""",""placemark_address"":""花蓮縣花蓮市菁華街2號""}"
23.978377,121.614078,"{""電腦編號"":""SMA03004"",""類別"":""救國團花蓮學苑"",""村里別"":""民權里"",""地址"":""花蓮縣花蓮市公園路53-2號"",""地下樓層數"":""1"",""可容納人數"":""934人"",""備註"":"""",""placemark_address"":""花蓮縣花蓮市公園路53-2號""}"
23.976745,121.616142,"{""電腦編號"":""SMA03005"",""類別"":""北濱國小"",""村里別"":""民權里"",""地址"":""花蓮縣花蓮市北濱街113號"",""地下樓層數"":""1"",""可容納人數"":""173人"",""備註"":"""",""placemark_address"":""花蓮縣花蓮市北濱街113號""}"
23.976025,121.610305,"{""電腦編號"":""SMA03006"",""類別"":""合作金庫"",""村里別"":""民族里"",""地址"":""花蓮縣花蓮市中山路124號"",""地下樓層數"":""1"",""可容納人數"":""401人"",""備註"":"""",""placemark_address"":""花蓮縣花蓮市中山路124號""}"
24.012114,121.582263,"{""電腦編號"":""SMA03007"",""類別"":""華南銀行"",""村里別"":""民族里"",""地址"":""花蓮縣花蓮市中山路80號"",""地下樓層數"":""1"",""可容納人數"":""266人"",""備註"":"""",""placemark_address"":""花蓮縣花蓮市中山路80號""}"
23.977277,121.610816,"{""電腦編號"":""SMA03008"",""類別"":""福康飯店"",""村里別"":""民生里"",""地址"":""花蓮縣花蓮市公園路5號"",""地下樓層數"":""1、2"",""可容納人數"":""1796人"",""備註"":"""",""placemark_address"":""花蓮縣花蓮市公園路5號""}"
23.978722,121.613546,"{""電腦編號"":""SMA03009"",""類別"":""中國國民黨花蓮縣黨部"",""村里別"":""民生里"",""地址"":""花蓮縣花蓮市公園路27號"",""地下樓層數"":""1"",""可容納人數"":""285人"",""備註"":"""",""placemark_address"":""花蓮縣花蓮市公園路27號""}"
23.979479,121.61118,"{""電腦編號"":""SMA03010"",""類別"":""衛生福利部花蓮醫院"",""村里別"":""民生里"",""地址"":""花蓮縣花蓮市中正路600號"",""地下樓層數"":""1"",""可容納人數"":""992人"",""備註"":"""",""placemark_address"":""花蓮縣花蓮市中正路600號""}"
23.97887,121.610133,"{""電腦編號"":""SMA03011"",""類別"":""藍天麗池飯店"",""村里別"":""民生里"",""地址"":""花蓮縣花蓮市中正路590號"",""地下樓層數"":""1"",""可容納人數"":""480人"",""備註"":"""",""placemark_address"":""花蓮縣花蓮市中正路590號""}"
23.978884,121.613026,"{""電腦編號"":""SMA03012"",""類別"":""國軍英雄館"",""村里別"":""民生里"",""地址"":""花蓮縣花蓮市花崗街56號"",""地下樓層數"":""1"",""可容納人數"":""30人"",""備註"":"""",""placemark_address"":""花蓮縣花蓮市花崗街56號""}"
23.98085,121.608853,"{""電腦編號"":""SMA03013"",""類別"":""蔡銘文理補習班"",""村里別"":""國治里"",""地址"":""花蓮縣花蓮市民國路82號"",""地下樓層數"":""1"",""可容納人數"":""213人"",""備註"":"""",""placemark_address"":""花蓮縣花蓮市民國路82號""}"
23.974826,121.615851,"{""電腦編號"":""SAM03014"",""類別"":""私人住宅"",""村里別"":""民有里"",""地址"":""花蓮縣花蓮市海濱街89號"",""地下樓層數"":""1"",""可容納人數"":""132人"",""備註"":"""",""placemark_address"":""花蓮縣花蓮市海濱街89號""}"
23.976365,121.608011,"{""電腦編號"":""SMA04001"",""類別"":""花蓮二信總社"",""村里別"":""主商里"",""地址"":""花蓮縣花蓮市光復街36號"",""地下樓層數"":""1"",""可容納人數"":""378人"",""備註"":"""",""placemark_address"":""花蓮縣花蓮市光復街36號""}"
23.972909,121.606108,"{""電腦編號"":""SMA04002"",""類別"":""水利局第九工程處"",""村里別"":""主計里"",""地址"":""花蓮縣花蓮市仁愛街19號"",""地下樓層數"":""1"",""可容納人數"":""126人"",""備註"":"""",""placemark_address"":""花蓮縣花蓮市仁愛街19號""}"
23.971204,121.606545,"{""電腦編號"":""SMA04003"",""類別"":""信義國小"",""村里別"":""主計里"",""地址"":""花蓮縣花蓮市信義街1號"",""地下樓層數"":""1"",""可容納人數"":""116人"",""備註"":"""",""placemark_address"":""花蓮縣花蓮市信義街1號""}"
23.974747,121.593922,"{""電腦編號"":""SMA04004"",""類別"":""中正派出所"",""村里別"":""主信里"",""地址"":""花蓮縣花蓮市中華路448號"",""地下樓層數"":""1"",""可容納人數"":""112人"",""備註"":"""",""placemark_address"":""花蓮縣花蓮市中華路448號""}"
23.974844,121.606599,"{""電腦編號"":""SMA04005"",""類別"":""福容京站"",""村里別"":""主信里"",""地址"":""花蓮縣花蓮市南京街205號"",""地下樓層數"":""1、2、3"",""可容納人數"":""1437人"",""備註"":"""",""placemark_address"":""花蓮縣花蓮市南京街205號""}"
23.973769,121.60381,"{""電腦編號"":""SMA04006"",""類別"":""聯統日報"",""村里別"":""主睦里"",""地址"":""花蓮縣花蓮市和平路336號"",""地下樓層數"":""1"",""可容納人數"":""668人"",""備註"":"""",""placemark_address"":""花蓮縣花蓮市和平路336號""}"
23.976665,121.603286,"{""電腦編號"":""SMA04007"",""類別"":""台灣省菸酒公賣局花蓮分局"",""村里別"":""主工里"",""地址"":""花蓮縣花蓮市仁愛街75號"",""地下樓層數"":""1"",""可容納人數"":""304人"",""備註"":"""",""placemark_address"":""花蓮縣花蓮市仁愛街75號""}"
23.973072,121.606312,"{""電腦編號"":""SMA04008"",""類別"":""華廈"",""村里別"":""主義里"",""地址"":""花蓮縣花蓮市仁愛街32號"",""地下樓層數"":""1"",""可容納人數"":""772人"",""備註"":"""",""placemark_address"":""花蓮縣花蓮市仁愛街32號""}"
23.973483,121.607769,"{""電腦編號"":""SMA04009"",""類別"":""華廈"",""村里別"":""主計里"",""地址"":""花蓮縣花蓮市福建街406號"",""地下樓層數"":""1"",""可容納人數"":""242人"",""備註"":"""",""placemark_address"":""花蓮縣花蓮市福建街406號""}"
23.975649,121.598639,"{""電腦編號"":""SMA05001"",""類別"":""忠孝國小"",""村里別"":""主力里"",""地址"":""花蓮縣花蓮市中華路298號"",""地下樓層數"":""1"",""可容納人數"":""233人"",""備註"":"""",""placemark_address"":""花蓮縣花蓮市中華路298號""}"
23.97509,121.598228,"{""電腦編號"":""SMA05002"",""類別"":""富野飯店"",""村里別"":""主力里"",""地址"":""花蓮縣花蓮市中華路302號"",""地下樓層數"":""1"",""可容納人數"":""1552人"",""備註"":"""",""placemark_address"":""花蓮縣花蓮市中華路302號""}"
23.975268,121.602034,"{""電腦編號"":""SMA05003"",""類別"":""成旅晶贊飯店"",""村里別"":""主力里"",""地址"":""花蓮縣花蓮市中華路231號"",""地下樓層數"":""1"",""可容納人數"":""868人"",""備註"":"""",""placemark_address"":""花蓮縣花蓮市中華路231號""}"
23.971689,121.599711,"{""電腦編號"":""SMA05004"",""類別"":""中正國小"",""村里別"":""主學里"",""地址"":""花蓮縣花蓮市中正路210號"",""地下樓層數"":""1"",""可容納人數"":""133人"",""備註"":"""",""placemark_address"":""花蓮縣花蓮市中正路210號""}"
23.971689,121.599711,"{""電腦編號"":""SMA05005"",""類別"":""中正國小"",""村里別"":""主學里"",""地址"":""花蓮縣花蓮市中正路210號"",""地下樓層數"":""1"",""可容納人數"":""240人"",""備註"":"""",""placemark_address"":""花蓮縣花蓮市中正路210號""}"
23.971689,121.599711,"{""電腦編號"":""SMA05006"",""類別"":""中正國小"",""村里別"":""主學里"",""地址"":""花蓮縣花蓮市中正路210號"",""地下樓層數"":""1"",""可容納人數"":""409人"",""備註"":"""",""placemark_address"":""花蓮縣花蓮市中正路210號""}"
23.971689,121.599711,"{""電腦編號"":""SMA05007"",""類別"":""中正國小新建工程"",""村里別"":""主學里"",""地址"":""花蓮縣花蓮市中正路210號"",""地下樓層數"":""1"",""可容納人數"":""1808人"",""備註"":"""",""placemark_address"":""花蓮縣花蓮市中正路210號""}"
23.972704,121.600823,"{""電腦編號"":""SMA05008"",""類別"":""上毅大鎮"",""村里別"":""主學里"",""地址"":""花蓮縣花蓮市中正路260號"",""地下樓層數"":""1、2"",""可容納人數"":""2000人"",""備註"":"""",""placemark_address"":""花蓮縣花蓮市中正路260號""}"
23.971378,121.591873,"{""電腦編號"":""SMA05009"",""類別"":""蓮花藝術廣場"",""村里別"":""主權里"",""地址"":""花蓮縣花蓮市德安六街63號"",""地下樓層數"":""1、2"",""可容納人數"":""2426人"",""備註"":"""",""placemark_address"":""花蓮縣花蓮市德安六街63號""}"
23.96724,121.596978,"{""電腦編號"":""SMA05010"",""類別"":""和勝江山"",""村里別"":""主農里"",""地址"":""花蓮縣花蓮市長安街26號"",""地下樓層數"":""1、2"",""可容納人數"":""333人"",""備註"":"""",""placemark_address"":""花蓮縣花蓮市長安街26號""}"
23.973182,121.602513,"{""電腦編號"":""SMA05011"",""類別"":""華廈"",""村里別"":""主學里"",""地址"":""花蓮縣花蓮市上海街81號"",""地下樓層數"":""1"",""可容納人數"":""199人"",""備註"":"""",""placemark_address"":""花蓮縣花蓮市上海街81號""}"
23.98082,121.607974,"{""電腦編號"":""SMA06001"",""類別"":""花東客棧"",""村里別"":""國威里"",""地址"":""花蓮縣花蓮市民國路161號"",""地下樓層數"":""1"",""可容納人數"":""1096人"",""備註"":"""",""placemark_address"":""花蓮縣花蓮市民國路161號""}"
23.979664,121.606185,"{""電腦編號"":""SMA06002"",""類別"":""大樓"",""村里別"":""國威里"",""地址"":""花蓮縣花蓮市新港街73-1號"",""地下樓層數"":""1、2"",""可容納人數"":""921人"",""備註"":"""",""placemark_address"":""花蓮縣花蓮市新港街73-1號""}"
23.986522,121.60248,"{""電腦編號"":""SMA06003"",""類別"":""花蓮商校"",""村里別"":""國安里"",""地址"":""花蓮縣花蓮市中山路418號"",""地下樓層數"":""1"",""可容納人數"":""28人"",""備註"":"""",""placemark_address"":""花蓮縣花蓮市中山路418號""}"
23.986522,121.60248,"{""電腦編號"":""SMA06004"",""類別"":""花蓮商校"",""村里別"":""國安里"",""地址"":""花蓮縣花蓮市中山路418號"",""地下樓層數"":""1"",""可容納人數"":""314人"",""備註"":"""",""placemark_address"":""花蓮縣花蓮市中山路418號""}"
23.986522,121.60248,"{""電腦編號"":""SMA06005"",""類別"":""花蓮商校"",""村里別"":""國安里"",""地址"":""花蓮縣花蓮市中山路418號"",""地下樓層數"":""1"",""可容納人數"":""172人"",""備註"":"""",""placemark_address"":""花蓮縣花蓮市中山路418號""}"
23.986522,121.60248,"{""電腦編號"":""SMA06006"",""類別"":""花蓮商校"",""村里別"":""國安里"",""地址"":""花蓮縣花蓮市中山路418號"",""地下樓層數"":""1"",""可容納人數"":""32人"",""備註"":"""",""placemark_address"":""花蓮縣花蓮市中山路418號""}"
23.98402,121.604438,"{""電腦編號"":""SMA06007"",""類別"":""花蓮國安郵局"",""村里別"":""國安里"",""地址"":""花蓮縣花蓮市中山路408號"",""地下樓層數"":""1"",""可容納人數"":""2036人"",""備註"":"""",""placemark_address"":""花蓮縣花蓮市中山路408號""}"
23.98263,121.605281,"{""電腦編號"":""SMA06008"",""類別"":""土地銀行"",""村里別"":""國安里"",""地址"":""花蓮縣花蓮市中山路356號"",""地下樓層數"":""1"",""可容納人數"":""1138人"",""備註"":"""",""placemark_address"":""花蓮縣花蓮市中山路356號""}"
23.981831,121.605813,"{""電腦編號"":""SMA06009"",""類別"":""公寓"",""村里別"":""國安里"",""地址"":""花蓮縣花蓮市中山路326號"",""地下樓層數"":""1"",""可容納人數"":""146人"",""備註"":"""",""placemark_address"":""花蓮縣花蓮市中山路326號""}"
23.9858,121.607438,"{""電腦編號"":""SMA06010"",""類別"":""明星國宅"",""村里別"":""國防里"",""地址"":""花蓮縣花蓮市明心街21-23號"",""地下樓層數"":""1"",""可容納人數"":""1136人"",""備註"":"""",""placemark_address"":""花蓮縣花蓮市明心街21-23號""}"
23.983779,121.603815,"{""電腦編號"":""SMA06011"",""類別"":""花蓮一信總社"",""村里別"":""國魂里"",""地址"":""花蓮縣花蓮市中山路473號"",""地下樓層數"":""1"",""可容納人數"":""626人"",""備註"":"""",""placemark_address"":""花蓮縣花蓮市中山路473號""}"
23.983581,121.598963,"{""電腦編號"":""SMA06012"",""類別"":""花蓮農校"",""村里別"":""國魂里"",""地址"":""花蓮縣花蓮市建國路161號"",""地下樓層數"":""1"",""可容納人數"":""429人"",""備註"":"""",""placemark_address"":""花蓮縣花蓮市建國路161號""}"
23.983581,121.598963,"{""電腦編號"":""SMA06013"",""類別"":""花蓮農校"",""村里別"":""國魂里"",""地址"":""花蓮縣花蓮市建國路161號"",""地下樓層數"":""1"",""可容納人數"":""57人"",""備註"":"""",""placemark_address"":""花蓮縣花蓮市建國路161號""}"
23.983581,121.598963,"{""電腦編號"":""SMA06014"",""類別"":""花蓮農校"",""村里別"":""國魂里"",""地址"":""花蓮縣花蓮市建國路161號"",""地下樓層數"":""1"",""可容納人數"":""104人"",""備註"":"""",""placemark_address"":""花蓮縣花蓮市建國路161號""}"
23.983581,121.598963,"{""電腦編號"":""SMA06015"",""類別"":""花蓮農校"",""村里別"":""國魂里"",""地址"":""花蓮縣花蓮市建國路161號"",""地下樓層數"":""1"",""可容納人數"":""209人"",""備註"":"""",""placemark_address"":""花蓮縣花蓮市建國路161號""}"
23.983581,121.598963,"{""電腦編號"":""SMA06016"",""類別"":""花蓮農校"",""村里別"":""國魂里"",""地址"":""花蓮縣花蓮市建國路161號"",""地下樓層數"":""1"",""可容納人數"":""112人"",""備註"":"""",""placemark_address"":""花蓮縣花蓮市建國路161號""}"
23.978479,121.595377,"{""電腦編號"":""SMA06017"",""類別"":""國風國中"",""村里別"":""國風里"",""地址"":""花蓮縣花蓮市林政街7號"",""地下樓層數"":""1"",""可容納人數"":""564人"",""備註"":"""",""placemark_address"":""花蓮縣花蓮市林政街7號""}"
23.978479,121.595377,"{""電腦編號"":""SMA06018"",""類別"":""國風國中"",""村里別"":""國風里"",""地址"":""花蓮縣花蓮市林政街7號"",""地下樓層數"":""1"",""可容納人數"":""349人"",""備註"":"""",""placemark_address"":""花蓮縣花蓮市林政街7號""}"
23.978479,121.595377,"{""電腦編號"":""SMA06019"",""類別"":""國風國中"",""村里別"":""國風里"",""地址"":""花蓮縣花蓮市林政街7號"",""地下樓層數"":""1"",""可容納人數"":""64人"",""備註"":"""",""placemark_address"":""花蓮縣花蓮市林政街7號""}"
23.978479,121.595377,"{""電腦編號"":""SMA06020"",""類別"":""國風國中"",""村里別"":""國風里"",""地址"":""花蓮縣花蓮市林政街7號"",""地下樓層數"":""1"",""可容納人數"":""2132人"",""備註"":"""",""placemark_address"":""花蓮縣花蓮市林政街7號""}"
23.978974,121.602898,"{""電腦編號"":""SMA06021"",""類別"":""明義國小"",""村里別"":""國風里"",""地址"":""花蓮縣花蓮市明義街107號"",""地下樓層數"":""1"",""可容納人數"":""290人"",""備註"":"""",""placemark_address"":""花蓮縣花蓮市明義街107號""}"
23.978974,121.602898,"{""電腦編號"":""SMA06022"",""類別"":""明義國小"",""村里別"":""國風里"",""地址"":""花蓮縣花蓮市明義街107號"",""地下樓層數"":""1"",""可容納人數"":""146人"",""備註"":"""",""placemark_address"":""花蓮縣花蓮市明義街107號""}"
23.978974,121.602898,"{""電腦編號"":""SMA06023"",""類別"":""明義國小"",""村里別"":""國風里"",""地址"":""花蓮縣花蓮市明義街107號"",""地下樓層數"":""1"",""可容納人數"":""48人"",""備註"":"""",""placemark_address"":""花蓮縣花蓮市明義街107號""}"
23.978974,121.602898,"{""電腦編號"":""SMA06024"",""類別"":""明義國小"",""村里別"":""國風里"",""地址"":""花蓮縣花蓮市明義街107號"",""地下樓層數"":""1"",""可容納人數"":""858人"",""備註"":"""",""placemark_address"":""花蓮縣花蓮市明義街107號""}"
23.981655,121.606042,"{""電腦編號"":""SMA06026"",""類別"":""中山大樓"",""村里別"":""國威里"",""地址"":""花蓮縣花蓮市林森路236號"",""地下樓層數"":""1"",""可容納人數"":""324人"",""備註"":"""",""placemark_address"":""花蓮縣花蓮市林森路236號""}"
23.981413,121.60574,"{""電腦編號"":""SMA06027"",""類別"":""合作金庫"",""村里別"":""國威里"",""地址"":""花蓮縣花蓮市中山路371號"",""地下樓層數"":""1"",""可容納人數"":""448人"",""備註"":"""",""placemark_address"":""花蓮縣花蓮市中山路371號""}"
23.981757,121.607541,"{""電腦編號"":""SMA06028"",""類別"":""花蓮縣消防局"",""村里別"":""國威里"",""地址"":""花蓮縣花蓮市三民街53號"",""地下樓層數"":""1"",""可容納人數"":""380人"",""備註"":"""",""placemark_address"":""花蓮縣花蓮市三民街53號""}"
23.982066,121.606815,"{""電腦編號"":""SMA06029"",""類別"":""花蓮市公所"",""村里別"":""國威里"",""地址"":""花蓮縣花蓮市林森路252號"",""地下樓層數"":""1"",""可容納人數"":""549人"",""備註"":"""",""placemark_address"":""花蓮縣花蓮市林森路252號""}"
23.986502,121.601722,"{""電腦編號"":""SMA06030"",""類別"":""花蓮市農會"",""村里別"":""國魂里"",""地址"":""花蓮縣花蓮市中山路547號"",""地下樓層數"":""1"",""可容納人數"":""85人"",""備註"":"""",""placemark_address"":""花蓮縣花蓮市中山路547號""}"
23.986716,121.598821,"{""電腦編號"":""SMA07001"",""類別"":""麗格飯店"",""村里別"":""國聯里"",""地址"":""花蓮縣花蓮市商校街258號"",""地下樓層數"":""1"",""可容納人數"":""921人"",""備註"":"""",""placemark_address"":""花蓮縣花蓮市商校街258號""}"
23.992602,121.601343,"{""電腦編號"":""SMA07002"",""類別"":""花蓮火車站"",""村里別"":""國聯里"",""地址"":""花蓮縣花蓮市國聯一路100號"",""地下樓層數"":""1"",""可容納人數"":""750人"",""備註"":"""",""placemark_address"":""花蓮縣花蓮市國聯一路100號""}"
23.99086,121.60527,"{""電腦編號"":""SMA07003"",""類別"":""好樂迪KTV"",""村里別"":""國聯里"",""地址"":""花蓮縣花蓮市國聯五路69號"",""地下樓層數"":""1"",""可容納人數"":""1719人"",""備註"":"""",""placemark_address"":""花蓮縣花蓮市國聯五路69號""}"
23.992569,121.604417,"{""電腦編號"":""SMA07004"",""類別"":""香城飯店"",""村里別"":""國聯里"",""地址"":""花蓮縣花蓮市國興二街19號"",""地下樓層數"":""1、2"",""可容納人數"":""1733人"",""備註"":"""",""placemark_address"":""花蓮縣花蓮市國興二街19號""}"
23.993245,121.604688,"{""電腦編號"":""SMA07005"",""類別"":""經典假日飯店"",""村里別"":""國聯里"",""地址"":""花蓮縣花蓮市國聯五路139號"",""地下樓層數"":""1"",""可容納人數"":""489人"",""備註"":"""",""placemark_address"":""花蓮縣花蓮市國聯五路139號""}"
23.991371,121.605234,"{""電腦編號"":""SMA07006"",""類別"":""康橋飯店"",""村里別"":""國聯里"",""地址"":""花蓮縣花蓮市國聯五路101號"",""地下樓層數"":""1"",""可容納人數"":""2126人"",""備註"":"""",""placemark_address"":""花蓮縣花蓮市國聯五路101號""}"
23.991191,121.602825,"{""電腦編號"":""SMA07007"",""類別"":""玫瑰香榭飯店"",""村里別"":""國聯里"",""地址"":""花蓮縣花蓮市國聯一路93號"",""地下樓層數"":""1"",""可容納人數"":""255人"",""備註"":"""",""placemark_address"":""花蓮縣花蓮市國聯一路93號""}"
23.991963,121.607044,"{""電腦編號"":""SMA07008"",""類別"":""中華國小"",""村里別"":""國盛里"",""地址"":""花蓮縣花蓮市國盛二街22號"",""地下樓層數"":""1"",""可容納人數"":""1454人"",""備註"":"""",""placemark_address"":""花蓮縣花蓮市國盛二街22號""}"
23.995179,121.60435,"{""電腦編號"":""SMA07010"",""類別"":""國廣興飯店"",""村里別"":""國聯里"",""地址"":""花蓮縣花蓮市國聯五路223號"",""地下樓層數"":""1"",""可容納人數"":""589人"",""備註"":"""",""placemark_address"":""花蓮縣花蓮市國聯五路223號""}"
23.993278,121.606191,"{""電腦編號"":""SMA07011"",""類別"":""F HOTEL"",""村里別"":""國盛里"",""地址"":""花蓮縣花蓮市國盛二街203號之1"",""地下樓層數"":""1"",""可容納人數"":""691人"",""備註"":"""",""placemark_address"":""花蓮縣花蓮市國盛二街203號之1""}"
23.990214,121.601207,"{""電腦編號"":""SMA07012"",""類別"":""花蓮市立圖書館"",""村里別"":""國聯里"",""地址"":""花蓮縣花蓮市國聯一路170號"",""地下樓層數"":""1"",""可容納人數"":""460人"",""備註"":"""",""placemark_address"":""花蓮縣花蓮市國聯一路170號""}"
23.993065,121.60415,"{""電腦編號"":""SMA07013"",""類別"":""大樓"",""村里別"":""國聯里"",""地址"":""花蓮縣花蓮市國民八街8號"",""地下樓層數"":""1、2"",""可容納人數"":""592人"",""備註"":"""",""placemark_address"":""花蓮縣花蓮市國民八街8號""}"
23.993234,121.604169,"{""電腦編號"":""SMA07014"",""類別"":""大樓"",""村里別"":""國聯里"",""地址"":""花蓮縣花蓮市國民八街3號"",""地下樓層數"":""1、2"",""可容納人數"":""895人"",""備註"":"""",""placemark_address"":""花蓮縣花蓮市國民八街3號""}"
23.99106,121.606299,"{""電腦編號"":""SMA07015"",""類別"":""大樓"",""村里別"":""國盛里"",""地址"":""花蓮縣花蓮市國盛一街76號"",""地下樓層數"":""1"",""可容納人數"":""239人"",""備註"":"""",""placemark_address"":""花蓮縣花蓮市國盛一街76號""}"
23.991367,121.596226,"{""電腦編號"":""SMA02001"",""類別"":""自強超市"",""村里別"":""國富里"",""地址"":""花蓮縣花蓮市富國路20號"",""地下樓層數"":""1"",""可容納人數"":""700人"",""備註"":"""",""placemark_address"":""花蓮縣花蓮市富國路20號""}"
23.992784,121.593099,"{""電腦編號"":""SMA02003"",""類別"":""富祥華廈"",""村里別"":""國富里"",""地址"":""花蓮縣花蓮市富祥街70號"",""地下樓層數"":""1"",""可容納人數"":""160人"",""備註"":"""",""placemark_address"":""花蓮縣花蓮市富祥街70號""}"
23.991491,121.590858,"{""電腦編號"":""SMA02004"",""類別"":""銘星學園公寓大廈"",""村里別"":""國富里"",""地址"":""花蓮縣花蓮市中央路三段730號"",""地下樓層數"":""1"",""可容納人數"":""2206人"",""備註"":"""",""placemark_address"":""花蓮縣花蓮市中央路三段730號""}"
23.995007,121.594718,"{""電腦編號"":""SMA02005"",""類別"":""明廉國小"",""村里別"":""國富里"",""地址"":""花蓮縣花蓮市中山路903號"",""地下樓層數"":""1"",""可容納人數"":""1604人"",""備註"":"""",""placemark_address"":""花蓮縣花蓮市中山路903號""}"
23.996302,121.600004,"{""電腦編號"":""SMA02006"",""類別"":""東方巴黎大樓"",""村里別"":""國裕里"",""地址"":""花蓮縣花蓮市富安路147號"",""地下樓層數"":""1"",""可容納人數"":""1693人"",""備註"":"""",""placemark_address"":""花蓮縣花蓮市富安路147號""}"
23.998132,121.600792,"{""電腦編號"":""SMA02007"",""類別"":""勞工育樂中心"",""村里別"":""國裕里"",""地址"":""花蓮縣花蓮市富安路199號"",""地下樓層數"":""1"",""可容納人數"":""693人"",""備註"":"""",""placemark_address"":""花蓮縣花蓮市富安路199號""}"
23.995729,121.592282,"{""電腦編號"":""SMA02008"",""類別"":""慈濟醫院"",""村里別"":""國慶里"",""地址"":""花蓮縣花蓮市中央路3段707號"",""地下樓層數"":""1、2"",""可容納人數"":""7488人"",""備註"":"""",""placemark_address"":""花蓮縣花蓮市中央路3段707號""}"
24.000409,121.591556,"{""電腦編號"":""SMA02009"",""類別"":""四維高中"",""村里別"":""國慶里"",""地址"":""花蓮縣花蓮市中山路一段200號"",""地下樓層數"":""1"",""可容納人數"":""2584人"",""備註"":"""",""placemark_address"":""花蓮縣花蓮市中山路一段200號""}"
23.994653,121.591407,"{""電腦編號"":""SMA02010"",""類別"":""慈濟靜思堂"",""村里別"":""國慶里"",""地址"":""花蓮縣花蓮市中央路3段703號"",""地下樓層數"":""1、2"",""可容納人數"":""13074人"",""備註"":"""",""placemark_address"":""花蓮縣花蓮市中央路3段703號""}"
23.992429,121.589394,"{""電腦編號"":""SMA02011"",""類別"":""慈濟大學"",""村里別"":""國慶里"",""地址"":""花蓮縣花蓮市中央路3段701號"",""地下樓層數"":""1"",""可容納人數"":""12478人"",""備註"":"""",""placemark_address"":""花蓮縣花蓮市中央路3段701號""}"
24.009091,121.580299,"{""電腦編號"":""SMA02012"",""類別"":""國福國小"",""村里別"":""國福里"",""地址"":""花蓮縣花蓮市福光街277巷1號"",""地下樓層數"":""1"",""可容納人數"":""160人"",""備註"":"""",""placemark_address"":""花蓮縣花蓮市福光街277巷1號""}"
23.997926,121.599062,"{""電腦編號"":""SMA02013"",""類別"":""自強國中"",""村里別"":""國裕里"",""地址"":""花蓮縣花蓮市裕祥路89號"",""地下樓層數"":""1"",""可容納人數"":""6870人"",""備註"":"""",""placemark_address"":""花蓮縣花蓮市裕祥路89號""}"
23.994976,121.598772,"{""電腦編號"":""SMA02014"",""類別"":""大樓"",""村里別"":""國裕里"",""地址"":""花蓮縣花蓮市富裕七街19號"",""地下樓層數"":""1"",""可容納人數"":""165人"",""備註"":"""",""placemark_address"":""花蓮縣花蓮市富裕七街19號""}"
23.99499,121.598741,"{""電腦編號"":""SMA02015"",""類別"":""大樓"",""村里別"":""國裕里"",""地址"":""花蓮縣花蓮市富裕七街21號"",""地下樓層數"":""1"",""可容納人數"":""165人"",""備註"":"""",""placemark_address"":""花蓮縣花蓮市富裕七街21號""}"
23.998718,121.619921,"{""電腦編號"":""SMA08001"",""類別"":""國立花蓮高工-圖書館"",""村里別"":""民意里"",""地址"":""花蓮縣花蓮市府前路27號"",""地下樓層數"":""1"",""可容納人數"":""187人"",""備註"":"""",""placemark_address"":""花蓮縣花蓮市府前路27號""}"
23.998718,121.619921,"{""電腦編號"":""SMA08002"",""類別"":""國立花蓮高工-第四排教室"",""村里別"":""民意里"",""地址"":""花蓮縣花蓮市府前路27號"",""地下樓層數"":""1"",""可容納人數"":""269人"",""備註"":"""",""placemark_address"":""花蓮縣花蓮市府前路27號""}"
23.998718,121.619921,"{""電腦編號"":""SMA08003"",""類別"":""國立花蓮高工-電子工廠"",""村里別"":""民意里"",""地址"":""花蓮縣花蓮市府前路27號"",""地下樓層數"":""1"",""可容納人數"":""266人"",""備註"":"""",""placemark_address"":""花蓮縣花蓮市府前路27號""}"
23.998718,121.619921,"{""電腦編號"":""SMA08004"",""類別"":""國立花蓮高工-建築科"",""村里別"":""民意里"",""地址"":""花蓮縣花蓮市府前路27號"",""地下樓層數"":""1"",""可容納人數"":""127人"",""備註"":"""",""placemark_address"":""花蓮縣花蓮市府前路27號""}"
23.998718,121.619921,"{""電腦編號"":""SMA08005"",""類別"":""國立花蓮高工-汽修大樓"",""村里別"":""民意里"",""地址"":""花蓮縣花蓮市府前路27號"",""地下樓層數"":""1"",""可容納人數"":""279人"",""備註"":"""",""placemark_address"":""花蓮縣花蓮市府前路27號""}"
23.998718,121.619921,"{""電腦編號"":""SMA08006"",""類別"":""國立花蓮高工-第二排教室"",""村里別"":""民意里"",""地址"":""花蓮縣花蓮市府前路27號"",""地下樓層數"":""1"",""可容納人數"":""271人"",""備註"":"""",""placemark_address"":""花蓮縣花蓮市府前路27號""}"
24.001747,121.618163,"{""電腦編號"":""SMA08007"",""類別"":""花蓮榮家"",""村里別"":""民意里"",""地址"":""花蓮縣花蓮市府前路29號"",""地下樓層數"":""1"",""可容納人數"":""484人"",""備註"":"""",""placemark_address"":""花蓮縣花蓮市府前路29號""}"
24.006713,121.619302,"{""電腦編號"":""SMA08010"",""類別"":""復興國小"",""村里別"":""民心里"",""地址"":""花蓮縣花蓮市府前路682號"",""地下樓層數"":""1"",""可容納人數"":""37人"",""備註"":"""",""placemark_address"":""花蓮縣花蓮市府前路682號""}"
24.000171,121.627968,"{""電腦編號"":""SMA08011"",""類別"":""美崙大飯店"",""村里別"":""民享里"",""地址"":""花蓮縣花蓮市林園1之1號"",""地下樓層數"":""1、2"",""可容納人數"":""11298人"",""備註"":"""",""placemark_address"":""花蓮縣花蓮市林園1之1號""}"
23.997831,121.627705,"{""電腦編號"":""SMA08012"",""類別"":""美崙國中"",""村里別"":""民孝里"",""地址"":""花蓮縣花蓮市化道路40巷1號"",""地下樓層數"":""1"",""可容納人數"":""545人"",""備註"":"""",""placemark_address"":""花蓮縣花蓮市化道路40巷1號""}"
24.003056,121.630917,"{""電腦編號"":""SMA08013"",""類別"":""大樓"",""村里別"":""民孝里"",""地址"":""花蓮縣花蓮市東興一街79巷18-22號"",""地下樓層數"":""1"",""可容納人數"":""9194人"",""備註"":"""",""placemark_address"":""花蓮縣花蓮市東興一街79巷18-22號""}"
24.007579,121.624553,"{""電腦編號"":""SMA08014"",""類別"":""花蓮市原住民文化館"",""村里別"":""民享里"",""地址"":""花蓮縣花蓮市北興路460號"",""地下樓層數"":""1"",""可容納人數"":""3318人"",""備註"":"""",""placemark_address"":""花蓮縣花蓮市北興路460號""}"
24.005877,121.630677,"{""電腦編號"":""SMA08015"",""類別"":""大樓"",""村里別"":""民孝里"",""地址"":""花蓮縣花蓮市東興二街147~153號"",""地下樓層數"":""1"",""可容納人數"":""9194人"",""備註"":"""",""placemark_address"":""花蓮縣花蓮市東興二街147~153號""}"
23.983433,121.623188,"{""電腦編號"":""SMA09001"",""類別"":""東旭觀海酒店"",""村里別"":""民德里"",""地址"":""花蓮縣花蓮市民權路6-1號"",""地下樓層數"":""1"",""可容納人數"":""53人"",""備註"":"""",""placemark_address"":""花蓮縣花蓮市民權路6-1號""}"
23.988257,121.626626,"{""電腦編號"":""SMA09002"",""類別"":""門諾醫院"",""村里別"":""民立里"",""地址"":""花蓮縣花蓮市民權路44號"",""地下樓層數"":""1"",""可容納人數"":""1469人"",""備註"":"""",""placemark_address"":""花蓮縣花蓮市民權路44號""}"
23.987893,121.628038,"{""電腦編號"":""SMA09003"",""類別"":""洄瀾客棧"",""村里別"":""民立里"",""地址"":""花蓮縣花蓮市海岸路11號"",""地下樓層數"":""1"",""可容納人數"":""1048人"",""備註"":"""",""placemark_address"":""花蓮縣花蓮市海岸路11號""}"
23.98672,121.625936,"{""電腦編號"":""SMA09004"",""類別"":""花蓮中學"",""村里別"":""民立里"",""地址"":""花蓮縣花蓮市民權路42號"",""地下樓層數"":""1"",""可容納人數"":""208人"",""備註"":"""",""placemark_address"":""花蓮縣花蓮市民權路42號""}"
23.98672,121.625936,"{""電腦編號"":""SMA09005"",""類別"":""花蓮中學"",""村里別"":""民立里"",""地址"":""花蓮縣花蓮市民權路42號"",""地下樓層數"":""1"",""可容納人數"":""561人"",""備註"":"""",""placemark_address"":""花蓮縣花蓮市民權路42號""}"
23.989015,121.626425,"{""電腦編號"":""SMA09006"",""類別"":""花蓮市環保局"",""村里別"":""民立里"",""地址"":""花蓮縣花蓮市民權路123號"",""地下樓層數"":""1"",""可容納人數"":""113人"",""備註"":"""",""placemark_address"":""花蓮縣花蓮市民權路123號""}"
23.989514,121.626879,"{""電腦編號"":""SMA09007"",""類別"":""東區老人之家"",""村里別"":""民立里"",""地址"":""花蓮縣花蓮市民權路125號"",""地下樓層數"":""1"",""可容納人數"":""629人"",""備註"":"""",""placemark_address"":""花蓮縣花蓮市民權路125號""}"
23.987888,121.623116,"{""電腦編號"":""SMA09009"",""類別"":""煙波飯店"",""村里別"":""民立里"",""地址"":""花蓮縣花蓮市中美路142號"",""地下樓層數"":""1"",""可容納人數"":""2311人"",""備註"":"""",""placemark_address"":""花蓮縣花蓮市中美路142號""}"
23.995536,121.633223,"{""電腦編號"":""SMA09010"",""類別"":""花蓮福容飯店"",""村里別"":""民運里"",""地址"":""花蓮縣花蓮市民生路51號"",""地下樓層數"":""1"",""可容納人數"":""3722人"",""備註"":"""",""placemark_address"":""花蓮縣花蓮市民生路51號""}"
23.992815,121.625536,"{""電腦編號"":""SMA09011"",""類別"":""鑄強國小"",""村里別"":""民政里"",""地址"":""花蓮縣花蓮市永興路20號"",""地下樓層數"":""1"",""可容納人數"":""300人"",""備註"":"""",""placemark_address"":""花蓮縣花蓮市永興路20號""}"
23.992646,121.626752,"{""電腦編號"":""SMA09012"",""類別"":""春暉大廈"",""村里別"":""民政里"",""地址"":""花蓮縣花蓮市中美路115號"",""地下樓層數"":""1"",""可容納人數"":""1081人"",""備註"":"""",""placemark_address"":""花蓮縣花蓮市中美路115號""}"
23.992083,121.626121,"{""電腦編號"":""SMA09013"",""類別"":""美崙之星大樓"",""村里別"":""民政里"",""地址"":""花蓮縣花蓮市永興路6-1號"",""地下樓層數"":""1"",""可容納人數"":""1919人"",""備註"":"""",""placemark_address"":""花蓮縣花蓮市永興路6-1號""}"
23.991426,121.619512,"{""電腦編號"":""SMA09014"",""類別"":""花蓮縣政府"",""村里別"":""民勤里"",""地址"":""花蓮縣花蓮市府前路17號"",""地下樓層數"":""1"",""可容納人數"":""310人"",""備註"":"""",""placemark_address"":""花蓮縣花蓮市府前路17號""}"
23.991426,121.619512,"{""電腦編號"":""SMA09015"",""類別"":""花蓮縣政府"",""村里別"":""民勤里"",""地址"":""花蓮縣花蓮市府前路17號"",""地下樓層數"":""1"",""可容納人數"":""310人"",""備註"":"""",""placemark_address"":""花蓮縣花蓮市府前路17號""}"
23.991426,121.619512,"{""電腦編號"":""SMA09016"",""類別"":""花蓮縣政府"",""村里別"":""民勤里"",""地址"":""花蓮縣花蓮市府前路17號"",""地下樓層數"":""1"",""可容納人數"":""310人"",""備註"":"""",""placemark_address"":""花蓮縣花蓮市府前路17號""}"
23.993198,121.620169,"{""電腦編號"":""SMA09017"",""類別"":""花蓮縣警察局"",""村里別"":""民勤里"",""地址"":""花蓮縣花蓮市府前路21號"",""地下樓層數"":""1"",""可容納人數"":""400人"",""備註"":"""",""placemark_address"":""花蓮縣花蓮市府前路21號""}"
23.994084,121.620954,"{""電腦編號"":""SMA09018"",""類別"":""花蓮縣議會"",""村里別"":""民勤里"",""地址"":""花蓮縣花蓮市府前路23號"",""地下樓層數"":""1"",""可容納人數"":""264人"",""備註"":"""",""placemark_address"":""花蓮縣花蓮市府前路23號""}"
23.992156,121.624797,"{""電腦編號"":""SMA09019"",""類別"":""海星國小"",""村里別"":""民勤里"",""地址"":""花蓮縣花蓮市永興路21號"",""地下樓層數"":""1"",""可容納人數"":""162人"",""備註"":"""",""placemark_address"":""花蓮縣花蓮市永興路21號""}"
23.988154,121.622367,"{""電腦編號"":""SMA09020"",""類別"":""藝術家大樓"",""村里別"":""民勤里"",""地址"":""花蓮縣花蓮市中美三街50-72號"",""地下樓層數"":""1"",""可容納人數"":""3302人"",""備註"":"""",""placemark_address"":""花蓮縣花蓮市中美三街50-72號""}"
23.989529,121.619474,"{""電腦編號"":""SMA09021"",""類別"":""地方法院"",""村里別"":""民勤里"",""地址"":""花蓮縣花蓮市府前路15號"",""地下樓層數"":""1"",""可容納人數"":""1133人"",""備註"":"""",""placemark_address"":""花蓮縣花蓮市府前路15號""}"
23.989529,121.619474,"{""電腦編號"":""SMA09022"",""類別"":""地方法院"",""村里別"":""民勤里"",""地址"":""花蓮縣花蓮市府前路15號"",""地下樓層數"":""1"",""可容納人數"":""1634人"",""備註"":"""",""placemark_address"":""花蓮縣花蓮市府前路15號""}"
23.995581,121.62253,"{""電腦編號"":""SMA09023"",""類別"":""華廈"",""村里別"":""民政里"",""地址"":""花蓮縣花蓮市府前路296巷15號"",""地下樓層數"":""1"",""可容納人數"":""729人"",""備註"":"""",""placemark_address"":""花蓮縣花蓮市府前路296巷15號""}"
23.997214,121.623333,"{""電腦編號"":""SMA09024"",""類別"":""華廈"",""村里別"":""民政里"",""地址"":""花蓮縣花蓮市中興路231號"",""地下樓層數"":""1"",""可容納人數"":""1328人"",""備註"":"""",""placemark_address"":""花蓮縣花蓮市中興路231號""}"
23.995488,121.622899,"{""電腦編號"":""SMA09025"",""類別"":""花蓮縣政府"",""村里別"":""民政里"",""地址"":""花蓮縣花蓮市中美十一街9號"",""地下樓層數"":""1"",""可容納人數"":""4002人"",""備註"":"""",""placemark_address"":""花蓮縣花蓮市中美十一街9號""}"
23.991018,121.622569,"{""電腦編號"":""SMA09026"",""類別"":""東大附小"",""村里別"":""民勤里"",""地址"":""花蓮縣花蓮市永安街100號"",""地下樓層數"":""1"",""可容納人數"":""194人"",""備註"":"""",""placemark_address"":""花蓮縣花蓮市永安街100號""}"
23.990362,121.624387,"{""電腦編號"":""SMA09027"",""類別"":""第一家庭"",""村里別"":""民勤里"",""地址"":""花蓮縣花蓮市中美路93巷12號"",""地下樓層數"":""1"",""可容納人數"":""5862人"",""備註"":"""",""placemark_address"":""花蓮縣花蓮市中美路93巷12號""}"
23.991018,121.622569,"{""電腦編號"":""SMA09028"",""類別"":""東大附小"",""村里別"":""民勤里"",""地址"":""花蓮縣花蓮市永安街100號"",""地下樓層數"":""1"",""可容納人數"":""117人"",""備註"":"""",""placemark_address"":""花蓮縣花蓮市永安街100號""}"
23.99377,121.628128,"{""電腦編號"":""SMA09029"",""類別"":""大樓"",""村里別"":""民立里"",""地址"":""花蓮縣花蓮市中美路206號"",""地下樓層數"":""1、2"",""可容納人數"":""1272人"",""備註"":"""",""placemark_address"":""花蓮縣花蓮市中美路206號""}"
23.993148,121.629183,"{""電腦編號"":""SMA09030"",""類別"":""華廈"",""村里別"":""民立里"",""地址"":""花蓮縣花蓮市中興路81號"",""地下樓層數"":""1"",""可容納人數"":""305人"",""備註"":"""",""placemark_address"":""花蓮縣花蓮市中興路81號""}"
23.992956,121.605838,"{""電腦編號"":""SMA07016"",""類別"":""祥捷建設公司"",""村里別"":""國盛里"",""地址"":""花蓮縣花蓮市國盛一街168之1號"",""地下樓層數"":""1"",""可容納人數"":""216人"",""備註"":"""",""placemark_address"":""花蓮縣花蓮市國盛一街168之1號""}"
23.988772,121.605867,"{""電腦編號"":""SMA07017"",""類別"":""商業大樓"",""村里別"":""國聯里"",""地址"":""花蓮縣花蓮市國聯五路5之5號"",""地下樓層數"":""1"",""可容納人數"":""392人"",""備註"":"""",""placemark_address"":""花蓮縣花蓮市國聯五路5之5號""}"
23.994423,121.633379,"{""電腦編號"":""SMA09031"",""類別"":""中華建築經濟股份有限公司"",""村里別"":""民運里"",""地址"":""花蓮縣花蓮市民生路31之1號"",""地下樓層數"":""1"",""可容納人數"":""302人"",""備註"":"""",""placemark_address"":""花蓮縣花蓮市民生路31之1號""}"
23.999438,121.597669,"{""電腦編號"":""SMA02016"",""類別"":""法鼓山花蓮精舍"",""村里別"":""國裕里"",""地址"":""花蓮縣花蓮市中央路四段272號"",""地下樓層數"":""1"",""可容納人數"":""405人"",""備註"":"""",""placemark_address"":""花蓮縣花蓮市中央路四段272號""}"
23.974136,121.600905,"{""電腦編號"":""SMA05013"",""類別"":""福呈建設有限公司"",""村里別"":""主學里"",""地址"":""花蓮縣花蓮市中正路315巷26號2樓"",""地下樓層數"":""1"",""可容納人數"":""202人"",""備註"":"""",""placemark_address"":""花蓮縣花蓮市中正路315巷26號2樓""}"
23.973521,121.603114,"{""電腦編號"":""SMA05012"",""類別"":""私人透天"",""村里別"":""主學里"",""地址"":""花蓮縣花蓮市上海街111號"",""地下樓層數"":""1"",""可容納人數"":""123"",""備註"":"""",""placemark_address"":""花蓮縣花蓮市上海街111號""}"
23.965821,121.598718,"{""電腦編號"":""SMA05014"",""類別"":""佳寬建設有限公司"",""村里別"":""主農里"",""地址"":""花蓮縣花蓮市重慶路1號"",""地下樓層數"":""1"",""可容納人數"":""467"",""備註"":"""",""placemark_address"":""花蓮縣花蓮市重慶路1號""}"
23.995871,121.599031,"{""電腦編號"":""SMA02017"",""類別"":""大樓"",""村里別"":""國裕里"",""地址"":""花蓮縣花蓮市富裕八街1號"",""地下樓層數"":""1、2"",""可容納人數"":""856人"",""備註"":"""",""placemark_address"":""花蓮縣花蓮市富裕八街1號""}"
23.992716,121.593352,"{""電腦編號"":""SMA02018"",""類別"":""華廈"",""村里別"":""國富里"",""地址"":""花蓮縣花蓮市富祥街109號"",""地下樓層數"":""1"",""可容納人數"":""514人"",""備註"":"""",""placemark_address"":""花蓮縣花蓮市富祥街109號""}"
23.993749,121.60462,"{""電腦編號"":""SMA07018"",""類別"":""百事達飯店"",""村里別"":""國聯里"",""地址"":""花蓮縣花蓮市國聯五路151號"",""地下樓層數"":""1"",""可容納人數"":""1808"",""備註"":"""",""placemark_address"":""""}"
23.981449,121.619519,"{""電腦編號"":""SMA09032"",""類別"":""松石苑-華廈"",""村里別"":""民德里"",""地址"":""花蓮縣花蓮市民權路1號"",""地下樓層數"":""1"",""可容納人數"":""1320"",""備註"":"""",""placemark_address"":""花蓮縣花蓮市民權路1號""}"
24.006065,121.618101,"{""電腦編號"":""SMA08016"",""類別"":""台灣電力股份有限公司"",""村里別"":""民意里"",""地址"":""花蓮縣花蓮市府前路95號"",""地下樓層數"":""1"",""可容納人數"":""2706"",""備註"":"""",""placemark_address"":""花蓮縣花蓮市府前路95號""}"
23.992083,121.626121,"{""電腦編號"":""SMA09034"",""類別"":""美崙之星Ⅱ"",""村里別"":""民政里"",""地址"":""花蓮縣花蓮市永興路6之1號"",""地下樓層數"":""1"",""可容納人數"":""875"",""備註"":"""",""placemark_address"":""花蓮縣花蓮市永興路6之1號""}"
23.990317,121.606517,"{""電腦編號"":""SMA07019"",""類別"":""大樓"",""村里別"":""國盛里"",""地址"":""花蓮縣花蓮市國盛一街66號"",""地下樓層數"":""1"",""可容納人數"":""335"",""備註"":"""",""placemark_address"":""花蓮縣花蓮市國盛一街66號""}"
23.982797,121.603801,"{""電腦編號"":""SMA06031"",""類別"":""大樓"",""村里別"":""國華里"",""地址"":""花蓮縣花蓮市中山路455巷25號"",""地下樓層數"":""1"",""可容納人數"":""453"",""備註"":"""",""placemark_address"":""花蓮縣花蓮市中山路455巷25號""}"
23.99408,121.598119,"{""電腦編號"":""SMA02020"",""類別"":""集合住宅"",""村里別"":""國裕里"",""地址"":""花蓮縣花蓮市富裕三街48號二樓之1"",""地下樓層數"":""1"",""可容納人數"":""298"",""備註"":"""",""placemark_address"":""花蓮縣花蓮市富裕三街48號二樓之1""}"
23.979161,121.605074,"{""電腦編號"":""SMA06032"",""類別"":""員工住宅"",""村里別"":""國威里"",""地址"":""花蓮縣花蓮市博愛街176-1號"",""地下樓層數"":""1"",""可容納人數"":""668"",""備註"":"""",""placemark_address"":""花蓮縣花蓮市博愛街176-1號""}"
23.994489,121.598159,"{""電腦編號"":""SMA02019"",""類別"":""華廈"",""村里別"":""國裕里"",""地址"":""花蓮縣花蓮市富吉路31號"",""地下樓層數"":""1"",""可容納人數"":""451人"",""備註"":"""",""placemark_address"":""花蓮縣花蓮市富吉路31號""}"
23.747629,121.451438,"{""電腦編號"":""SQA00001"",""類別"":""客家文物館"",""村里別"":""鳳禮里"",""地址"":""花蓮縣鳳林鎮中華路164號"",""地下樓層數"":""1.0"",""可容納人數"":""189人"",""備註"":"""",""placemark_address"":""花蓮縣鳳林鎮中華路164號""}"
23.746351,121.446978,"{""電腦編號"":""SQA00002"",""類別"":""鳳林火車站"",""村里別"":""鳳智里"",""地址"":""花蓮縣鳳林鎮中山路43號"",""地下樓層數"":""1.0"",""可容納人數"":""100人"",""備註"":"""",""placemark_address"":""花蓮縣鳳林鎮中山路43號""}"
23.743192,121.449991,"{""電腦編號"":""SQA00003"",""類別"":""鳳林電信機房"",""村里別"":""鳳智里"",""地址"":""花蓮縣鳳林鎮中華路42號"",""地下樓層數"":""1.0"",""可容納人數"":""50人"",""備註"":"""",""placemark_address"":""花蓮縣鳳林鎮中華路42號""}"
23.74229,121.450909,"{""電腦編號"":""SQA00004"",""類別"":""鳳林警察分局"",""村里別"":""鳳智里"",""地址"":""花蓮縣鳳林鎮信義路37號"",""地下樓層數"":""1.0"",""可容納人數"":""266人"",""備註"":"""",""placemark_address"":""花蓮縣鳳林鎮信義路37號""}"
23.74663,121.449207,"{""電腦編號"":""SQA00005"",""類別"":""鳳林鎮代表會"",""村里別"":""鳳智里"",""地址"":""花蓮縣鳳林鎮大同街19號"",""地下樓層數"":""1.0"",""可容納人數"":""100人"",""備註"":"""",""placemark_address"":""花蓮縣鳳林鎮大同街19號""}"
23.727428,121.439215,"{""電腦編號"":""SQA00007"",""類別"":""鳳林榮民醫院"",""村里別"":""鳳信里"",""地址"":""花蓮縣鳳林鎮中正路一段2號"",""地下樓層數"":""1.0"",""可容納人數"":""266人"",""備註"":"""",""placemark_address"":""花蓮縣鳳林鎮中正路一段2號""}"
23.745007,121.452352,"{""電腦編號"":""SQA00009"",""類別"":""國泰大樓"",""村里別"":""鳳智里"",""地址"":""花蓮縣鳳林鎮信義路117號"",""地下樓層數"":""1.0"",""可容納人數"":""200人"",""備註"":"""",""placemark_address"":""花蓮縣鳳林鎮信義路117號""}"
23.74763,121.449461,"{""電腦編號"":""SQA00048"",""類別"":""中正商場"",""村里別"":""鳳禮里"",""地址"":""花蓮縣鳳林鎮中正路2段148號"",""地下樓層數"":""1.0"",""可容納人數"":""289人"",""備註"":"""",""placemark_address"":""花蓮縣鳳林鎮中正路2段148號""}"
23.74632,121.451159,"{""電腦編號"":""SQA00047"",""類別"":""中華市場"",""村里別"":""鳳禮里"",""地址"":""花蓮縣鳳林鎮中華路140號"",""地下樓層數"":""1.0"",""可容納人數"":""133人"",""備註"":"""",""placemark_address"":""花蓮縣鳳林鎮中華路140號""}"
23.747444,121.447968,"{""電腦編號"":""SQA00049"",""類別"":""鳳興旅社"",""村里別"":""鳳禮里"",""地址"":""花蓮縣鳳林鎮成功街165號"",""地下樓層數"":""1.0"",""可容納人數"":""13人"",""備註"":"""",""placemark_address"":""花蓮縣鳳林鎮成功街165號""}"
23.748327,121.449714,"{""電腦編號"":""SQA00050"",""類別"":""鳳榮地區農會"",""村里別"":""鳳禮里"",""地址"":""花蓮縣鳳林鎮中正路二段172號"",""地下樓層數"":""1.0"",""可容納人數"":""80人"",""備註"":"""",""placemark_address"":""花蓮縣鳳林鎮中正路二段172號""}"
23.746285,121.453337,"{""電腦編號"":""SQA00051"",""類別"":""鳳林地政事務所"",""村里別"":""鳳禮里"",""地址"":""花蓮縣鳳林鎮信義路200號"",""地下樓層數"":""1.0"",""可容納人數"":""80人"",""備註"":"""",""placemark_address"":""花蓮縣鳳林鎮信義路200號""}"
23.807887,121.451256,"{""電腦編號"":""SQA00010"",""類別"":""花蓮肉品市場"",""村里別"":""林榮里"",""地址"":""花蓮縣鳳林鎮林榮路338號"",""地下樓層數"":""1.0"",""可容納人數"":""200人"",""備註"":"""",""placemark_address"":""花蓮縣鳳林鎮林榮路338號""}"
23.714907,121.410439,"{""電腦編號"":""SQA00045"",""類別"":""萬榮鄉圖書館"",""村里別"":""萬榮村"",""地址"":""花蓮縣萬榮鄉萬榮23號"",""地下樓層數"":""1.0"",""可容納人數"":""50人"",""備註"":"""",""placemark_address"":""花蓮縣萬榮鄉萬榮23號""}"
23.665192,121.42505,"{""電腦編號"":""SQA00016"",""類別"":""光復電信局"",""村里別"":""大安村"",""地址"":""花蓮縣光復鄉中正路一段132號"",""地下樓層數"":""1.0"",""可容納人數"":""13人"",""備註"":"""",""placemark_address"":""花蓮縣光復鄉中正路一段132號""}"
23.657041,121.420578,"{""電腦編號"":""SQA00017"",""類別"":""花蓮光復糖廠"",""村里別"":""大進村"",""地址"":""花蓮縣光復鄉糖廠街12號"",""地下樓層數"":""1.0"",""可容納人數"":""172人"",""備註"":"""",""placemark_address"":""花蓮縣光復鄉糖廠街12號""}"
23.657041,121.420578,"{""電腦編號"":""SQA00018"",""類別"":""花蓮光復糖廠"",""村里別"":""大進村"",""地址"":""花蓮縣光復鄉糖廠街12號"",""地下樓層數"":""1.0"",""可容納人數"":""320人"",""備註"":"""",""placemark_address"":""花蓮縣光復鄉糖廠街12號""}"
23.667193,121.424404,"{""電腦編號"":""SQA00024"",""類別"":""東美旅社"",""村里別"":""大華村"",""地址"":""花蓮縣光復鄉中山路二段322號"",""地下樓層數"":""1.0"",""可容納人數"":""66人"",""備註"":"""",""placemark_address"":""花蓮縣光復鄉中山路二段322號""}"
23.666813,121.422858,"{""電腦編號"":""SQA00025"",""類別"":""光豐農會"",""村里別"":""大華村"",""地址"":""花蓮縣光復鄉中華路193號"",""地下樓層數"":""1.0"",""可容納人數"":""50人"",""備註"":"""",""placemark_address"":""花蓮縣光復鄉中華路193號""}"
23.665286,121.424719,"{""電腦編號"":""SQA00026"",""類別"":""光復郵局"",""村里別"":""大安村"",""地址"":""花蓮縣光復鄉中正路一段124號"",""地下樓層數"":""1.0"",""可容納人數"":""30人"",""備註"":"""",""placemark_address"":""花蓮縣光復鄉中正路一段124號""}"
23.671001,121.425186,"{""電腦編號"":""SQA00028"",""類別"":""光復國中"",""村里別"":""大馬村"",""地址"":""花蓮縣光復鄉林森路200號"",""地下樓層數"":""1.0"",""可容納人數"":""133人"",""備註"":"""",""placemark_address"":""花蓮縣光復鄉林森路200號""}"
23.665583,121.42477,"{""電腦編號"":""SQA00029"",""類別"":""光復分駐所"",""村里別"":""大華村"",""地址"":""花蓮縣光復鄉中正路一段127號"",""地下樓層數"":""1.0"",""可容納人數"":""66人"",""備註"":"""",""placemark_address"":""花蓮縣光復鄉中正路一段127號""}"
23.665424,121.425123,"{""電腦編號"":""SQA00030"",""類別"":""民眾服務社"",""村里別"":""大華村"",""地址"":""花蓮縣光復鄉中正路一段131號"",""地下樓層數"":""1.0"",""可容納人數"":""40人"",""備註"":"""",""placemark_address"":""花蓮縣光復鄉中正路一段131號""}"
23.663889,121.430042,"{""電腦編號"":""SQA00031"",""類別"":""光復電信機房"",""村里別"":""大同村"",""地址"":""花蓮縣光復鄉中正路一段293號"",""地下樓層數"":""1.0"",""可容納人數"":""22人"",""備註"":"""",""placemark_address"":""花蓮縣光復鄉中正路一段293號""}"
23.669395,121.423903,"{""電腦編號"":""SQA00032"",""類別"":""台電光復服務所"",""村里別"":""大華村"",""地址"":""花蓮縣光復鄉中華路360號"",""地下樓層數"":""1.0"",""可容納人數"":""30人"",""備註"":"""",""placemark_address"":""花蓮縣光復鄉中華路360號""}"
23.658676,121.420631,"{""電腦編號"":""SQA00034"",""類別"":""花蓮光復糖廠"",""村里別"":""大華村"",""地址"":""花蓮縣光復鄉糖廠街19號"",""地下樓層數"":""1.0"",""可容納人數"":""130人"",""備註"":"""",""placemark_address"":""花蓮縣光復鄉糖廠街19號""}"
23.67171,121.426467,"{""電腦編號"":""SQA00035"",""類別"":""光復儲金互助會"",""村里別"":""大安村"",""地址"":""花蓮縣光復鄉中山路三段41號"",""地下樓層數"":""1.0"",""可容納人數"":""13人"",""備註"":"""",""placemark_address"":""花蓮縣光復鄉中山路三段41號""}"
23.667348,121.427173,"{""電腦編號"":""SQA00053"",""類別"":""國立光復高職"",""村里別"":""大同村"",""地址"":""花蓮縣光復鄉林森路100號"",""地下樓層數"":""1.0"",""可容納人數"":""692人"",""備註"":"""",""placemark_address"":""花蓮縣光復鄉林森路100號""}"
23.49736,121.377807,"{""電腦編號"":""SQA00036"",""類別"":""華榮旅社"",""村里別"":""瑞穗村"",""地址"":""花蓮縣瑞穗鄉中山路一段28號"",""地下樓層數"":""1.0"",""可容納人數"":""20人"",""備註"":"""",""placemark_address"":""花蓮縣瑞穗鄉中山路一段28號""}"
23.497745,121.377654,"{""電腦編號"":""SQA00037"",""類別"":""秀山園旅社"",""村里別"":""瑞穗村"",""地址"":""花蓮縣瑞穗鄉中正北路一段13號"",""地下樓層數"":""1.0"",""可容納人數"":""20人"",""備註"":"""",""placemark_address"":""花蓮縣瑞穗鄉中正北路一段13號""}"
23.500147,121.377197,"{""電腦編號"":""SQA00038"",""類別"":""高賓旅社"",""村里別"":""瑞穗村"",""地址"":""花蓮縣瑞穗鄉中正北路90號"",""地下樓層數"":""1.0"",""可容納人數"":""20人"",""備註"":"""",""placemark_address"":""花蓮縣瑞穗鄉中正北路90號""}"
23.498778,121.378939,"{""電腦編號"":""SQA00039"",""類別"":""瑞穗鄉老人會"",""村里別"":""瑞穗村"",""地址"":""花蓮縣瑞穗鄉民生街63巷42號"",""地下樓層數"":""1.0"",""可容納人數"":""26人"",""備註"":"""",""placemark_address"":""花蓮縣瑞穗鄉民生街63巷42號""}"
23.487874,121.401158,"{""電腦編號"":""SQA00040"",""類別"":""瑞穗泛舟旅遊中心"",""村里別"":""瑞良村"",""地址"":""花蓮縣瑞穗鄉中山路三段215號"",""地下樓層數"":""1.0"",""可容納人數"":""300人"",""備註"":"""",""placemark_address"":""花蓮縣瑞穗鄉中山路三段215號""}"
23.493776,121.390474,"{""電腦編號"":""SQA00041"",""類別"":""瑞穗鄉圖書館"",""村里別"":""瑞美村"",""地址"":""花蓮縣瑞穗鄉中山路二段377號"",""地下樓層數"":""1.0"",""可容納人數"":""100人"",""備註"":"""",""placemark_address"":""花蓮縣瑞穗鄉中山路二段377號""}"
23.496138,121.376092,"{""電腦編號"":""SQA00042"",""類別"":""瑞穗鄉民代表會"",""村里別"":""瑞穗村"",""地址"":""花蓮縣瑞穗鄉成功南路23號"",""地下樓層數"":""1.0"",""可容納人數"":""30人"",""備註"":"""",""placemark_address"":""花蓮縣瑞穗鄉成功南路23號""}"
23.600424,121.52233,"{""電腦編號"":""SQA00043"",""類別"":""國賓大旅社"",""村里別"":""豐濱村"",""地址"":""花蓮縣豐濱鄉三民路30號"",""地下樓層數"":""1.0"",""可容納人數"":""26人"",""備註"":"""",""placemark_address"":""花蓮縣豐濱鄉三民路30號""}"
23.601975,121.521306,"{""電腦編號"":""SQA00044"",""類別"":""署立醫院原住民豐濱分院"",""村里別"":""豐濱村"",""地址"":""花蓮縣豐濱鄉光豐路41號"",""地下樓層數"":""1.0"",""可容納人數"":""250人"",""備註"":"""",""placemark_address"":""花蓮縣豐濱鄉光豐路41號""}"
23.496534,121.343648,"{""電腦編號"":""SQA00046"",""類別"":""瑞穗溫泉旅社"",""村里別"":""紅葉村"",""地址"":""花蓮縣萬榮鄉紅葉23號"",""地下樓層數"":""1.0"",""可容納人數"":""13人"",""備註"":"""",""placemark_address"":""花蓮縣萬榮鄉紅葉23號""}"
23.497513,121.376771,"{""電腦編號"":""SQA00052"",""類別"":""瑞穗火車站"",""村里別"":""瑞穗村"",""地址"":""花蓮縣瑞穗鄉四維街13號"",""地下樓層數"":""1.0"",""可容納人數"":""100人"",""備註"":"""",""placemark_address"":""花蓮縣瑞穗鄉四維街13號""}"
